,reportor,reportee,content,time
0,大大太师兄,给它一个家99,"#湖北省禁养大型犬#
这是知情人透漏武汉被抓走的狗狗，它们被抓进了犬留所后，有的被送进动物园当饲料，有的被整笼整笼地溺死，还有的大狗就卖给狗贩子，留下小狗打马虎眼，不给吃喝，狗饿得前胸贴后背，大狗吃小狗，惨不忍睹，还有的派初所上门抢狗.....",2021-12-02 01:50:24
1,拉面炸鸡Z,财张江,"路边社这个葛兰素史克的传闻，看来有可能是真的……要不然为啥今天上海这么多大医院莫名其妙紧急封锁

不过按理说一堆医生扎堆出省，这么高风险的事他们应该有点意识才对啊……",2021-11-26 14:06:40
2,金富贵啊,羊城老刘,"上海、杭州、徐州突发新冠病例
据知情者说，疫情缘于葛兰素史克高级业务代表请各大医院科主任吃阳澄湖大闸蟹，结果吃出了一场悲剧
防不胜防啊！",2021-11-26 20:54:59
3,moongill,一帆风顺6307,接下来就是仁济医院暂停了。葛兰素请上海三甲医院消化科的白蚁魔鬼去苏州吃大闸蟹绝对少不了仁济医院的消化科白蚁魔鬼,2021-11-26 18:42:40
4,Altun-,搞笑大当家,太难了，深圳一外卖小哥确诊新型肺炎。十四天的潜伏期他一直在送外卖。他接触的商家和顾客也极有可能感染，然后被感染的商家又在潜伏期做了不少食物，可能嫌麻烦商家口罩都不带。顾客还好，在家的容易防控。那么问题来了，外卖小哥是不是也要穿防护服才行或者只有暂停外卖了？ #幽默视频冲浪季#,2021-11-24 16:02:16
5,霓虹辣心,吃块红绿水果,吃块红绿水果 ：太可怕了！一个男的把女朋友塞进下水道里浸泡了三天三夜… http://t.cn/A6xXwghE,2021-11-26 12:23:54
6,睿睿阿宅生活中,医略仲崇海,"#上海9家医院暂停门急诊##大闸蟹#
中午最新消息：上海昨天到今天共计已经有9家医院暂停门急诊，分别是：
九院、新华医院、皮肤病院、瑞金医院、中山医院、同济医院、华山医院（虹桥院区））、闵行区中心医院、普陀区人民医院。
坊间传闻：上海本轮疫情，与大闸蟹有关，静候相关确认信息。 ...展开",2021-11-26 13:43:25
7,ofanyhumanheart,孤独的上海人11,疫情就是命令！！,2021-11-26 11:52:36
8,-Kashino,我来自启真,听说是一个医药代表请许多医院的医生吃饭，然后医药代表确诊了，医生、医院和病人都躺枪了。#上海9家医院暂停门急诊#,2021-11-26 13:57:40
9,微澜6665,战略哥许焕升,药贩子请各地医生吃阳澄湖大闸蟹，然后长三角中招了……,2021-11-26 18:33:02
10,微澜6665,心若菩提111,这么一堆阳性吃饱了，跑的真匀啊！大闸蟹被传染没？湖被传染没？船被传染没？这是集中投放了几个行走的病毒机！,2021-11-26 17:42:59
11,hunnnnnnnnn_,翠竹罈曉筱_,. 速转！十万火急❗❗❗❗❗❗ 各群免踢 :不管多忙，请转发到你的另外群。 各位朋友：中央电视台《焦点访谈》已经播出，务必把这条信息发给你知道的群。 康师傅方便面含有日本禁用农药「多菌灵」，多菌灵可致脑麻痺、肝脏腫瘤等癌症。包括正在销售的（果粒橙），康师傅矿泉水，康师傅冰红茶，绿茶，雪 ...展开,2021-11-25 14:26:43
12,yeyuanjia,郑州楼市观察,"#郑州恒大辟谣解散##郑州楼市观察#
今年日子不好过，明年会不会有好转呢？",2021-11-18 15:35:36
13,社区FFF,江丄孤舟,"“我是抗疫护士，我被骗了50万！”

网友：愤怒！近日，吉林长春一抗疫护士哭诉爆料称：我被诈骗50万，身上仅剩300元生活费，目前我家全家无法生活了！

知情人表示：该女护士因为手机短信，可免费领取一个电饭煲，做任务可以得到巨额返利和佣金！在免费礼品和做活动返巨额佣金的诱惑下，赵女士最 ...展开",2021-11-24 09:42:57
14,社区FFF,用户6746711001,"转

“我是抗疫护士，我被骗了50万！”近日，吉林长春一抗疫护士哭诉爆料称：我被诈骗50万，身上仅剩300元生活费，目前我家全家无法生活了！

知情人表示：该女护士因为手机短信，可免费领取一个电饭煲，做任务可以得到巨额返利和佣金！在免费礼品和做活动返巨额佣金的诱惑下，赵女士最终越陷越深 ...展开",2021-11-24 08:42:39
15,把月亮挂好将...,星座师渡舟,#菊园小区连夜开展全员核酸检测#北京顺义一小区出现疑似病例，居民全员核酸检测#今日热门# 星座师渡舟的微博视频,2021-11-17 17:10:53
16,yeyuanjia,CosmoQuest小...,求证：网传郑州恒大正式解散？,2021-11-18 13:11:04
17,5372561947,素材Cooper,郑州恒大全面解散，一个时代结束了！,2021-11-19 07:20:59
18,吴彦祖之华电分祖,很好看的第5个号,阿富汗塔利班庆祝执政100天……,2021-11-21 11:34:33
19,嗜甜之人,张磊天津,这么快就圆满啦//@罗小卫://@柏铭007: 糜烂的生活容易腐化一个人啊，这就是例子。//@余季塘: //@十八褶sob:才一百天就达到出栏的份量啦,2021-11-21 14:55:39
20,英超之迷,围脖影视,"播放视频
0:31
4470次观看",2021-11-17 05:21:06
21,期其四蓝,哪儿有好中医,"彪悍的塔利班执政阿富汗100天，领导们集体合影的侧面
看官您第一眼看到的是什么？仅仅才100天呀！
真所谓生于忧患，死于那个啥…",2021-11-21 18:26:38
22,认真清醒,君子茶2,"阿富汗塔利班庆祝执政100天…
吃饱饱...无烦恼...
#美国大选#",2021-11-21 18:28:17
23,认真清醒,张伯喃语,"阿富汗塔利班政府今天召开会议

庆祝“为人民服务”执政100天。",2021-11-21 10:33:55
24,好难起名_啊,三石小记,阿富汗塔利班政权庆祝执政100天,2021-11-21 06:49:16
25,后湖散人,张洲,被举报人删除了被举报信息, 
26,丨Nos丨,龙虎榜策略为师,,2021-11-20 08:48:09
27,吧啦吧啦比巴biu,相当红,#大连教师称不希望疫情停止被拘#大连公布新增1例本土确诊病例详情：为培训学校老师#今日热门# 相当红的微博视频,2021-11-20 06:01:04
28,冰果时光,神兔影视,#北京中关村一居民快递检出阳性#北京新发地市场已有45人咽拭子阳性，已有40件环境阳性样本#今日热门# 神兔影视的微博视频,2021-11-16 17:12:55
29,无敌大帅比688,唯美微博網,万达集团董事长王健林先生，于2021年11月15日下午14点28分，在北京病逝，享年67年岁。,2021-11-16 00:53:25
30,冰果时光,小六子影视,#北京中关村一居民快递检出阳性#新发地采集了517件样品中，有45人咽拭子阳性，并在海淀一农贸市场中发现1例阳性，上述46人目前无临床症状。#今日热门# 小六子影视的微博视频,2021-11-16 17:24:56
31,梨涡间的浅笑,1583750891,被举报人删除了被举报信息, 
32,双子座丶撒加,AngelSun与Dev...,大连封城了，半夜忽然想起来2020年初买了一件VOV的羽绒服，一直放在家里，感觉今年又穿不上了。,2021-11-14 01:18:03
33,成吉思汗V587,王老虎寻鲜记,据事后嫌犯周某人（网名某迅）日记供述，其在某次发薪后，到怡红院与妓女某红发生性关系，并付嫖资五元。根据治安法和宣传部文化部作协等部门联合处理，决定给予周某人作品调整出中小学生语文课本的处罚，并决定把周某人（网名某迅）所有作品下架处理。,2021-10-23 20:58:37
34,幻十郎的围脖,大圣书斋,"那个玛莎拉蒂女醉驾叫局长的新闻，越看越觉得哪里不对。

就在女子要打电话的时候，交警不顾全国直播，“义正言辞”的制止了她，乍一看，我他妈差点被这货感动了呢。

首先交警一把抢过女子正要拨打电话的手机，说道“电话不要打，吹”，然后是“我跟你讲谁都不要找，这里全程录音，全网直播，全国人民 ...展开",2021-11-11 00:16:43
35,木子水凡与鱼,猪有宝,#轿车从高架桥坠落致2死1伤#济南一轿车与押运车在高架桥上相撞场面惊险 交警：案件正在调查中#今日热门# 猪有宝的微博视频,2021-11-09 17:52:22
36,我就爱oba,相当红,#成都一病例关联10名感染者#成都1名食堂大爷感染，曾与确诊病例 打麻将，校方:已停课#今日热门# 相当红的微博视频,2021-11-11 16:27:04
37,wuli羽生小天使,圈内校草,#大连庄河市一地调为中风险地区#大连一街道升级为高风险地区 ，①高风险区域有哪些措施？②大连目前的疫情透露出哪些讯息？众志成城共抗疫情#今日热门# 圈内校草的微博视频,2021-11-08 12:30:02
38,波斯喵喵_,金牌混剪,美女被人贩子劫持拍路人一下，作出求救手势，向路人求救#十一月连更挑战# #出道吧新星# #初冬星动企划# 金牌混剪的微博视频,2021-11-08 22:02:32
39,小棒和小馒头...,圈内校草,#大连5天新增100例#大连最新消息：连续六天无新增感染来源全部明确疫情源头已消除 #今日热门# 圈内校草的微博视频,2021-11-10 11:37:32
40,海森堡测不准...,搞笑爹,请广泛传播，让更多的人了解这个手势！ 搞笑爹的微博视频,2021-11-21 21:44:22
41,社区FFF,车载娱乐V,"#官方回应玛莎拉蒂女司机醉驾找关系# 官方回应正在核查，老百姓其实更想知道，网传的这俩人，一个当地副区长兼任公安局长，另一个85后银行单身副行长，到底有没有关系？是什么关系？

能醉驾还在交警面前跋扈高喊大叫，并直呼某领导大名，应该关系不一般，不然，常理上怎么会直呼其名还这么理所当然？
...展开",2021-11-09 23:07:06
42,Yanggirl洋洋洋,杰西法师,#官方回应玛莎拉蒂女司机醉驾找关系#不知道是不是他 杰西法师的微博视频,2021-11-09 21:31:39
43,社区FFF,木木山高,"#玛莎拉蒂司机17分钟吹气66次#
女方醉驾，接受检查的时候态度恶劣。

而且一直叫嚣让余炜过来，这个区公安分局局长就是她要找的人么？",2021-11-09 09:01:49
44,社区FFF,JENSELTER翘臀...,"两个yuwei，看你们的火眼金睛，知道马斯拉蒂女说的是哪个了吗？
#玛莎拉蒂司机17分钟吹气66次#",2021-11-09 13:15:54
45,y小生z,闲时悟道忙时读书,玛莎拉蒂女叫孙华，也就是叫yuwei局长来的那位，当晚就被保释出来了（貌似按照规定好像保释是被允许的吧），孙华是江西银行从空姐（航空学校）那里专门招收来的相当于公关，不懂业务，去年挂职于高新区支行，年薪100多万，35岁，山东人，至今未婚，有三套房，独自一人在南昌，游走在官场。@作家陈岚 ...展开,2021-11-08 21:49:48
46,ZZ-Veronica,修道者,#黑龙江密山一医院大楼起火#哈尔滨一饭店装修时起火7人送医，伤者逃出火场后全身被熏黑#今日热门# 修道者的微博视频,2021-11-07 14:17:44
47,Innowent,欢乐侠,#运城一男子当街持刀伤人#男子当街行凶持刀，幸好民警及时赶到将其制服 #男子当街行凶持刀 #切勿冲动行事#今日热门# 欢乐侠的微博视频,2021-11-06 21:36:08
48,OoHawkeyeoO,神兔影视,#石家庄陆续解除封控区管控区#实施社区封闭式管理石家庄发布最新通告，众志成城共抗疫情，新型冠状病毒#今日热门# 神兔影视的微博视频,2021-11-07 19:00:41
49,是谁的秃头小...,吃瓜小喇叭,#石家庄陆续解除封控区管控区#石家庄对全市社区农村实行闭环管控 实拍管控后的街道#今日热门# 吃瓜小喇叭的微博视频,2021-11-07 13:42:26
50,stone_0519,娱事抢先看,#北京本轮疫情以家庭传播为主#为北京响应速度点赞，接下来可能还会有发病病例，但已经控制。#今日热门# 娱事抢先看的微博视频,2021-11-04 10:46:57
51,HA_XXKPPY,圈内扒姬,#河北新增确诊病例14例#河北新增14例本地确诊病例，河北石家庄市藁城区增村镇小果庄村调整为高风险地区。#今日热门# 圈内扒姬的微博视频,2021-11-04 11:32:56
52,崔小爽同學,扒妹一米五,#河北新增确诊病例14例#河北一天新增确诊病例14例，无症状感染者30例。石家庄市藁城区增村镇小果庄村调整为全国唯一高风险地区。#今日热门# 扒妹一米五的微博视频,2021-11-04 11:33:39
53,没人要的田先生,话情感,请广泛传播，让更多的人了解这个手势！#视频制作人出道计划##吸睛制作人计划# 话情感的微博视频,2021-11-04 01:03:49
54,热衷朝阳群众,圈内扒姬,#北京昌平封控天通苑北二区商户#北京一地调为高风险天宫院街道管辖区域内公共场所全部关停#今日热门# 圈内扒姬的微博视频,2021-11-03 12:34:42
55,梦里养了一只...,神兔影视,#上海在建工地塔吊倾倒致1死2伤#突发武汉一工地塔吊倒塌，一辆小车被砸中，多人受伤#今日热门# 神兔影视的微博视频,2021-11-02 07:12:04
56,微澜6665,用户7521131830,天水疾控中心主任吴毅中被感染，有轻微症状，但是没有做核酸，还陪领导检查，吃饭，去麦积疾控中心督导，导致天水，麦积，以及市，区两级疾控中心人员全部成了密切接触者，并且使麦积卫生系统感染，致大部分医护人员隔离，导致源头调查瘫痪了，这就是天水不能及时公布病源轨迹的主要原因，现在由平凉市 ...展开,2021-11-03 10:32:26
57,微澜6665,是曼尔呀,"#甘肃新增14例本土确诊#
跪求省领导中央领导关注天水，
让一群未成年的卫校学生上一线，确诊中很多未成年学生。精表路就是天水卫校，可后期报轨迹却不提卫校只提这条路，为什么？每天的报告都是几天前的确诊，发布轨迹迟缓，甚至有的不发布。天水疾控中心主任吴毅中被感染，有轻微症状，但是没有做核酸 ...展开",2021-11-03 10:36:34
58,微澜6665,是曼尔呀,"#甘肃天水新增确诊13例##甘肃新增14例本土确诊#
跪求省领导中央领导关注天水，
让一群未成年的卫校学生上一线，确诊中很多未成年学生。精表路就是天水卫校，可后期报轨迹却不提卫校只提这条路，为什么？每天的报告都是几天前的确诊，发布轨迹迟缓，甚至有的不发布。天水疾控中心主任吴毅中被感染，有轻 ...展开",2021-11-03 11:20:27
59,梦里的梦客,吃瓜通鉴,#石家庄公布5名确诊者轨迹#河北新增确诊病例行为轨迹公布去过医院做过高铁住过酒店。#今日热门# 吃瓜通鉴的微博视频,2021-11-02 12:11:10
60,Go_in_good_he...,相当红,#深泽县昨日新增1例无症状#严峻 河北昨日新增确诊51例，无症状感染者69例#今日热门# 相当红的微博视频,2021-11-09 23:09:05
61,arthor亚瑟,国学导师倪可,中国老人扬名四海,2021-10-30 23:22:52
62,Allveny,谁干的,#北京疫情有3个独立传播分支#北京 此次疫情传播速度快，发现第1例至100例仅用5天。#今日热门# 谁干的的微博视频,2021-10-31 18:00:50
63,长春人的长春事儿,吉林乌拉圈,#吉林一消防员出警归来遇到妻子和儿子#10月29日，吉林延边，一消防员出警归来路上遇到妻子和儿子。网友：这是碰上最幸福的邂逅。#吉林身边事##长春身边事# 吉林乌拉圈的微博视频,2021-10-30 22:43:13
64,松鼠时代官方微博,吉林乌拉圈,#年轻人爬山遇91岁爷爷帮收割稻谷#近日，几位年轻人爬山，回程途中帮91岁爷爷收割稻谷。网友：最暖心的一次登山via.吉林卫视 #吉林身边事##长春身边事# 吉林乌拉圈的微博视频,2021-10-30 13:27:01
65,志超来了,老莫真心话,"中国老人在日本倒了。日本人扶了送医院
了，检查俩小时啥毛病没有。家属和老人就是不依，经协商，扶老人的日本人付了10w日元。然后名古屋观光点所有店铺都张贴这个，提醒人们以后遇到类似事件必须马上报警#陋习# 老莫真心话的微博视频",2021-10-30 13:48:48
66,Kiwishasha,军营纪事,10月30日，湖南长沙，网曝疑似一监考老师，拿着没收来的平板电脑卖钱时被物主发现！#微博公开课# 军营纪事的微博视频,2021-10-31 10:35:26
67,元气manman,llllooolllloo...,,2021-10-28 20:54:09
68,刘啊刘啊刘老师,修道者,#石家庄新增1例无症状感染者#石家庄新增14例本土确诊，新增1例无症状感染者 #今日热门# 修道者的微博视频,2021-10-28 17:07:31
69,一个容易暴躁的人,微笑快到脸上来O,#日照疫情# 五莲加油 已经开始建方舱医院了 希望疫情快点控制住吧 微笑快到脸上来O的微博视频,2021-10-28 12:40:56
70,QINYUANYE,小凤21855,山东省日照市五莲县，疫情严重，急缺以下视频写着的抗疫物资，求大家转发，让更多的爱心人士看到[合十][合十][合十] 小凤21855的微博视频,2021-10-28 16:01:43
71,芒果异能社,国内外白富美吐槽,投稿：吵架把孩子丢下去了，后来妈妈也跟着跳下去了 网页链接,2021-10-28 16:14:41
72,新浪甘肃,昵称被我藏起来咯,被举报人删除了被举报信息, 
73,小丸DE,财新吴鹏,,2021-10-28 12:38:59
74,Crazy_Cocoa,星娱可爱多,请广泛传播，让更多的人了解这个手势！ 沦为笑柄的微博视频,2021-10-25 23:16:18
75,stan1112,明星相机包,"播放视频
0:12
13.5万次观看",2021-10-26 22:27:55
76,钚桐梵享,明星相机包,瑞士联邦法院撤销对#孙杨#禁赛8年裁决，将代表祖国参加明年东京奥运会王者归来！期待你再次将五星红旗送上世界之巅 明星相机包的微博视频,2021-10-26 20:57:52
77,aa2837371,李孟合,被举报人删除了被举报信息, 
78,T_Erosziii,全是情侣头像,太壮观了！这是在靠近俄罗斯和加拿大之间的北极圈内拍到的，这么大的月蚀只出现短短30秒！ 最佳农民的微博视频,2021-10-17 09:00:28
79,臭臭和猪猪vv,看剧时间,#北京西城现昌平阳性人员密接者#北京新增无症状感染者：住西城区金融街街道，某餐馆员工从事冷链相关工作，初步判定密接者224人#今日热门# 看剧时间的微博视频,2021-10-25 07:48:24
80,蛋糕盒子吗,香港正义姐蓝雪宝,为什么小孩会被绑在风筝上？ 香港正义姐蓝雪宝的微博视频,2021-10-31 21:33:20
81,一个观众朋友hhh,欢乐侠,#景区高空滑索断裂致女子坠亡#有惊无险一女子景区玩滑索不慎从空中掉落，所幸下面有安全网接住。当事人称：规定只能一次一人，没注意看提示#今日热门# 欢乐侠的微博视频,2021-10-21 08:13:26
82,踩了尾巴的兔子,拍街者,请广泛传播，让更多的人了解这个手势！ 拍街者的微博视频,2021-10-17 11:21:15
83,彻底没救了的...,没有腹肌勿扰,被举报人删除了被举报信息, 
84,贾茄子3650,小六子影视,#石家庄1人核酸阳性#石家庄第一轮核酸检测阳性354例#今日热门# 小六子影视的微博视频,2021-10-25 19:12:36
85,许许许YOLO,一颗甜甜滴小辣椒,被举报人删除了被举报信息, 
86,它们愿意F5,祺祺子ya2021,. 速转！十万火急❗❗❗❗❗❗ 各群免踢 :不管多忙，请转发到你的另外群。 各位朋友：中央电视台《焦点访谈》已经播出，务必把这条信息发给你知道的群。 康师傅方便面含有日本禁用农药「多菌灵」，多菌灵可致脑麻痺、肝脏腫瘤等癌症。包括正在销售的（果粒橙），康师傅矿泉水，康师傅冰红茶，绿茶，雪 ...展开,2021-10-24 11:43:23
87,做特效的RamBo,周蓬安,被举报人删除了被举报信息, 
88,卧游天下-汐草...,看剧时间,#海淀区出现昌平病例密接人员#海淀区写字楼出现疑似患者，确定密接63人，疾控中心连夜排雷#今日热门# 看剧时间的微博视频,2021-10-24 03:48:24
89,fighting就要...,相当红,#西安追踪阳性密接者1553人#确诊一例山西密接，陕西发病#今日热门# 相当红的微博视频,2021-10-20 17:49:36
90,tyzf18,二营长of,女司机驾车随意变道，被人阻止后开窗破骂，结果被对方揪下车暴打#视频星计划##女司机惨遭男司机暴打##分享视频# 二营长of的微博视频,2021-10-10 09:26:14
91,少林寺小蜜蜂,郑在买房,这个政策，不仅仅是对学区房的新一轮暴击，而且关系到国计民生，千千万万的家庭。也是趋势，更是未来！,2021-10-17 21:53:03
92,仵闲,乔木DC,心慈手软，放跑了。这要是美国警察，直接爆头。 乔木DC的微博视频,2021-10-21 10:55:46
93,微澜6665,古房子2013,"欧金中的母亲也去世了?一声叹息!!!看到别人发的,有谁知道是真是假?
欧不死,当地zf就要没完没了的,被迫接受网友质疑和审判
死了一了百了,多少年了还是这样子",2021-10-19 20:50:01
94,微澜6665,請叫我虎大人,,2021-10-20 02:05:24
95,蔷薇爱上蝴蝶兰,继续者张付,【黑人冲击中国政府】,2021-10-16 21:56:48
96,祈祷着的麦芽_...,福报KOL,福报KOL ：#基础教育综合改革实验区# 现在的小孩营养这么好，身体发育好，智力发育也好，接收信息和知识早而且多，五岁孩子懂的比我十岁都多，比我们这代人更早成熟。很多小学...,2021-10-18 14:20:10
97,祈祷着的麦芽_...,曲江豪宅置业专家,曲江豪宅置业专家 ：学制缩短：改为小学四年、初中三年、高中二年，共9年义务教育，取消小升初。 职业高中和高级蓝领大学带来的教育创新，是未来无法忽略的强大引擎。 西安市高...,2021-10-18 15:57:10
98,祈祷着的麦芽_...,微风雨天晴,#基础教育综合改革实验区#教育为国家发展战略服务，中国已经不是读点书就是人才的发展阶段了，要缩短学制，不在基础教育阶段浪费过多的时间、精力和财力，也延长生育时间。同时，大力发展职业教育，为工业4.0、人工智能时代提供能配套的高级技术人才，教育需要迎来一次大的变革。,2021-10-18 10:16:16
99,祈祷着的麦芽_...,柳华芳,支持基础教育缩短学制，无聊的刷题复习太不人性化了。我记得初中时候都是全乡镇一二名的，随着无限重复的复习，我成绩排名不断下降，直到对考试没有了感觉。。。高中也差不多，高三复习的都麻木了,2021-10-18 11:35:44
100,梓昕梓乐,元宝宝爱吃肉肉,甚好甚好！新纽约市长上任高唱中国国歌🇨🇳 元宝宝爱吃肉肉的微博视频,2021-10-19 23:58:32
101,祈祷着的麦芽_...,Mr_lixM,【基础教育综合改革试验区】2021年10月16日，教育部发布公告，宣布在全国设立12个“基础教育综合改革实验区”，并要求“请各地按照实施方案，认真抓好落实，不断深化基础教育综合改革，发挥好示范引领作用”。学制缩短，改为小学四年、初中三年、高中二年，共9年义务教育，取消小升初。,2021-10-18 11:16:37
102,祈祷着的麦芽_...,马良·电商宝,电商宝马国良 ：教育部基础教育综合改革实验区，缩短学制（改为新九年义务教育，含高中）：小学四年，初中三年，高中两年。,2021-10-18 10:20:01
103,祈祷着的麦芽_...,牟东方000287,牟东方000287 ：中小学学制缩短，改为小学四年、初中三年、高中二年，共9年义务教育，取消小升初。 西安市高新区将成为教育部基础教育改革实验区。 早就该改了，...,2021-10-17 23:06:41
104,祈祷着的麦芽_...,安家情报局,安家情报局 ：仔细看了看这个基础教育综合改革。我感觉是一个想解决问题的改革。缩短学制改为九年高中前完成基础教育。可以这样理解义务教育是免费的，所以在孩子上大学前没有...,2021-10-17 21:47:29
105,祈祷着的麦芽_...,每日经济育儿...,"支持缩短学制。
十二年学制改为十年。
建议法定婚龄改为男女18岁。
尼轰法定婚龄男女18岁，韩国男18，女16。
中国法定婚龄男22，女20太大了，希望改进。

#每日经济育儿#",2021-09-08 06:38:53
106,祈祷着的麦芽_...,Brother_Woo,学制缩短两年，分流后置到高考，专业教育前置。,2021-09-07 20:33:08
107,祈祷着的麦芽_...,当铺大老板,"给你们拎拎重点
一、缩短学制，普及高中（普高）。通过调整课程设置与教材内容，把小学六年制改为五年制、初中三年制改为二年制、保留普通高中三年制；实行小学到高中的十年制基础义务教育，免除小学和中学阶段的升学考试。
二、升学竞争后置到高中阶段，避免升学竞争低龄化，现代社会是专业化分 ...展开",2021-08-17 13:44:20
108,用户7321748142,全浩的谷粒,"教育部新政策。
我早觉得小学六年太浪费时间。",2021-10-13 20:36:02
109,用户6362701161,大小仲育儿时光,小学四年，高中二年，高中分特高，普高，职高？,2021-10-17 15:31:33
110,张文瑞Ray,了不起的王马丁,被举报人删除了被举报信息, 
111,泰委屈,北京房地产观澜,"教育部基础教育综合改革实验区：

一、以提高学生身体素质、心理素质、技能素质为核心。针对当前学生普遍体质下降，男孩女性化现象，要求普遍推广“大球运动” , 学校、社区建足球场、篮球场、手球场等，尽快提升青少年身体素质，积极培养集体精神、协作精神、奉献精神。
二、缩短学制，改为九年义务教育：小学四年，初中三年，高中二年。取消小升初，高中前完成基础教育。
三、中考分特色考试，尽早发现有特长和特色的孩子，依据特色分别进入普高、特高或职高。开展多样性、特性化培养，毕业后能适应社会生存和工作。
四、普及高中，高中分特高、普高、职高。把专业教育前移至高中，使基础教育与专业教育相结合，便于发现并培养偏科偏才的学生。
五、将目前技校全部下放为职高，严禁技校给在校学生滥发高级技师证书，培养有真本事的技工和企业认可的高级蓝领。
六、大学改革，三分之一以上大学改为工科或高级蓝领大学，专业培养高级技术工人，为工业4.0打基础。

===
人口不足，为了增加劳动力而不是学生，缩短学制，高中即完成分层，开始培养高级蓝领和技术工人。",2021-10-17 10:17:16
112,小了白了兔了...,小小弟爱买房,"基础教育改革实验区，改革内容，

教育部基础教育综合改革实验区：
一、以提高学生身体素质、心理素质、技能素质为核心。针对当前学生普遍体质下降，男孩女性化现象，要求普遍推广“大球运动” , 学校、社区建足球场、篮球场、手球场等，尽快提升青少年身体素质，积极培养集体精神、协作精神、奉献精神 ...展开",2021-10-17 15:16:18
113,AkiraChan,九分熟日记,教育改革实验区,2021-10-18 01:25:14
114,涅槃重生之du,秀数码,"教育改革了，全国设立12个试点实验区。

改革重点内容：
1.缩短学制，改为9年义务教育，小学4年，初中3年，高中2年。
2.中考分特色考试，尽早发现孩子特长。
3.专业教育移至高中，便于发现培养偏科学生。
4.大学改革，1/3大学改为工科或蓝领大学。

以后不用担心孩子偏科，也可能不用再学习不喜欢的学 ...展开",2021-10-18 07:12:34
115,wwwwhwww1,涨财姐,"#上海深圳等12地被设为基础教育综改试验区##教育改革##基础教育综合改革实验区#
蛮好的",2021-10-17 22:46:51
116,紫禁城在逃宫女,上海链家张涛,"#教育# 改革试验区，改革内容如下。
教育部基础教育综合改革实验区:
一、以提高学生身体素质、心理素质、技能素质为核心。针对当前学生普遍体质下降，男孩女性化现象，要求普遍推广“大球运动”,学校、社区建足球场、篮球场、手球场等，尽快提升青少年身体素质，积极培养集体精神、协作精神、奉献精神 ...展开",2021-10-18 10:46:17
117,Mansur_Kyrie_C,深圳马良,深圳马良 ：先搞教育改革试验区，改革内容“缩短学制，改为九年义务教育：小学四年，初中三年，高中二年。”，9年读完高中，这样19岁就可以大学毕业了，试验区成功后，接下来应该...,2021-10-17 22:06:50
118,JM的时代,了不起的王马丁,"上升通道接近全关，阶层固化，以后真的纯拼爹了，爹的产证更重要了。体制越固化，钱越有用。改开开始约40年的比赛已经结束了，胜败已定，A9就是A9，A8就是A8，A7就是A7。

以前的学制，是改命式学制，由于过分拥有决定性，已经不适用于当代。读大学必然改命这件事不停被稀释，最终承认读清北复交也没官 ...展开",2021-10-18 13:09:36
119,William风语,秦007汉,求求你们教育部领导们别瞎折腾了！吃饱了没事干。这几年高考改革、中考改革，把家长们折腾的够呛，中国教育一会儿学美国拆分大学，一会儿学苏俄提综合实力，现在又开始学德国了，简直是邯郸学步。请你们别忘了自己是中国人。中国的国情，中国的特色是与众不同的！把现有的高考维护好，维护好教育的公平 ...展开,2021-10-18 13:51:21
120,祈祷着的麦芽_...,LOMOKO,"【教育改革即将到来？】

其实我挺希望这个新闻能实现的，要真的能缩短学制、取消中考、高中并入九年义务教育就好了。

这样孩子16岁就能接受更专业的大学系统教育，20岁不到就能大学毕业了，如果有能力进一步学习，25岁左右就能博士毕业了。

这是非常高效且利国利民的好政策，一是进一步加快国家扫清 ...展开",2021-10-18 11:34:30
121,W-Gxin,小六子影视,#黎巴嫩抗议现场发生枪战致6死#4日，突发，黎巴嫩首都发生爆炸#今日热门# 小六子影视的微博视频,2021-10-15 15:31:53
122,阿伟瘦了95斤,思想牢笼,#9岁女童遭公交碾压当场身亡#女童奔跑不慎被碾压，妈妈痛哭自责#今日热门# 思想牢笼的微博视频,2021-10-13 18:12:16
123,用户7010496669,相当红,#黎巴嫩国家电网已恢复正常#突发黎巴嫩首都贝鲁特港口地区突发巨大爆炸，造成至少78死4000伤。贝鲁特市长接受采访时痛哭。#今日热门# 相当红的微博视频,2021-10-12 18:43:37
124,香草macchiato,相当红,#陕西发生煤矿事故致4死4重伤#陕西铜川一煤矿疑似瓦斯突出事故#今日热门# 相当红的微博视频,2021-10-13 23:25:36
125,ren19158502,睿思天下,"胆子太大了！#杭州业主敲掉承重墙 整栋楼成危房#杭州一位业主在装修的时候，竟然非常大胆的随便改，一下子敲掉了承重墙，这下一整栋房子从下面向上裂开了，一栋楼都成了危房，这样的行为可以说已经涉嫌违法了。

8月份，一位杭州市萧山区瓜沥镇商贸公寓31幢一楼的业主，在装修时擅自敲掉屋内承重墙，这 ...展开",2021-10-12 19:14:50
126,洋大仙Erek,小马哥说房,,2021-10-10 21:21:01
127,solove小蛮,-云翼垂天-,一家拆了承重墙，整栋楼房变危楼 -云翼垂天-的微博视频,2021-10-11 00:41:27
128,过期小朋友D,千沐风,有人说一业主敲掉承重墙，致使整栋楼变危房。真假自己分辨我觉得吧有些时候结果 还真不一定是啥#正能量# 千沐风的微博视频,2021-10-12 15:39:53
129,上美影动画车间,伯利恒公爵,被举报人删除了被举报信息, 
130,微澜6665,关注我都发财了,女司机驾车随意变道，被人阻止后开窗破骂，结果被对方揪下车暴打 #金牌解说##金牌混剪# 关注我都发财了的微博视频,2021-10-09 13:52:42
131,微澜6665,一个平凡的人而已,"播放视频
8:17
855次观看",2021-10-09 23:45:43
132,花眠夜未央i,商丘古城,被举报人删除了被举报信息, 
133,快乐的养基,军武季,女司机驾车随意变道，被人阻止后开窗破骂，结果被对方揪下车暴打 军武季的微博视频,2021-10-10 15:20:33
134,御木葵胸口碎大石,上海身边事,被举报人删除了被举报信息, 
135,-SeeYouAgain-,小辉辉-陈少辉,被举报人删除了被举报信息, 
136,御木葵胸口碎大石,北京城侃爷,#上海一孩子脚踩烈士雕塑#太无语了,2021-10-09 21:46:20
137,我自随我心,珠海零距离,#上海一孩子脚踩烈士雕塑#10月5日，长宁，可恶！孩子脚踩烈士雕塑，母亲却在一旁视而不见。 上海城吃喝玩乐通的微博视频,2021-10-09 21:59:31
138,风的节奏吹,上海城吃喝玩乐通,#上海一孩子脚踩烈士雕塑#10月5日，长宁，可恶！孩子脚踩烈士雕塑，母亲却在一旁视而不见。#上海身边事#上海 上海城吃喝玩乐通的微博视频,2021-10-09 21:06:00
139,秋雨铃霖浸入冬,funny-6,被举报人删除了被举报信息, 
140,十二楼哥哥,我就是内谁内谁,,2021-10-10 15:42:02
141,7274093081,神兔影视,#婚庆摄像师因婚车突然加速坠车#10月4日，辽宁大连一婚庆摄像师婚礼路上坠车，送医后不幸身亡#今日热门# 神兔影视的微博视频,2021-10-06 07:12:38
142,bu乖小M,看评论,#婚庆摄像师被甩出婚车后备箱#10月4日，辽宁大连一婚庆摄像师婚礼路上坠车，送医后不幸身亡 看评论的微博视频,2021-10-05 18:00:31
143,长颈鹿老大x,口味女神,#婚庆摄像师被甩出婚车后备箱#婚车突然加速，婚礼摄影师不幸身亡#生活全报道# 口味女神的微博视频,2021-10-05 15:22:11
144,bu乖小M,钱多多_money,#婚庆摄像师被甩出婚车后备箱#危险！婚车车队行进途中，摄像师从车内坠落马路，送医救治无效身亡！ 钱多多_money的微博视频,2021-10-05 18:07:31
145,7274093081,军营纪事,10月4日 辽宁 大连 一名婚礼摄像师跟车途中不慎从拍摄车后备箱掉落，送医后抢救无效不幸离世。#安全出行##微博公开课# 军营纪事的微博视频,2021-10-05 19:09:10
146,鹤城网警巡查执法,冰菊---素语,15岁女生深夜醉倒街头惨遭两车碾压不幸身亡】近日，齐齐哈尔某中学一名15岁的女生张某，在同学就寝后，独自翻越栅栏离开学校，找到非住宿生韩某，短暂交流后张某独自离开，并到附近买了一瓶白酒。喝的醉醺醺之时，张某直接躺倒在了大街上，接下来可怕的一幕发生了……张某先后被大马力拖拉机和半挂车15 ...展开,2021-10-03 11:25:19
147,五道杠程序员,直播成都,国庆去川西旅行的小伙伴一定注意安全！今日上午，黑水县西尔隧道口塌方道路中断，现场太惊险了…… 直播成都的微博视频,2021-10-02 23:20:45
148,鹤城网警巡查执法,怪不得佳,,2021-10-03 12:29:54
149,北京霍泽普洛...,浩哥科技,"从农村考入医学院的姑娘，靠着换老公一步步当上了加州理工的副教授，从此人生走上“巅峰”。这个姑娘就是钱露露。

钱露露在考上南京铁道医学院后，学校被并入东南大学，成为一所985高校。在东南大学她找了一个男朋友，毕业后两个人就领了结婚证。钱露露想要考研，对于她的决定，老公是十分支持的。经 ...展开",2021-09-20 18:50:45
150,Zac_______,长春新视觉,网传长春双阳某景区停电了，大摆锤竟然停在半空中。 长春新视觉的微博视频,2021-09-25 21:16:21
151,鲨鱼辣椒的烦恼,若兮-199108,江西科技积业学校 若兮-199108的微博视频,2021-09-28 17:04:25
152,咬两口月亮,青春的e巴,疫情已经搅了我两件好事，现在桂林机场回天津，刚发现南宁新增不少，幸亏桂林没有就是万幸不然回不去了,2021-09-26 19:14:22
153,YYYDayDayUp,小胡同学wx,"近日，上海一名女大學生扶老人被訛，老人家人不但不歸還女大學生墊付的1000元醫藥費，還訛詐5000元。

女大學生無奈報警，監控證明清白後，女大學生要求老人及其子女賠償其精神損失費5萬元。 9月22日，上海某區的初級法院一審判決，女大學生勝訴！ 小胡同学wx的微博视频",2021-09-26 02:00:40
154,YYYDayDayUp,斜眼SEE世界,"近日，上海一名女大学生扶老人被讹，老人家人不但不归还女大学生垫付的1000元医药费，还讹诈5000元。
女大学生无奈报警，监控证明清白后，女大学生要求老人及其子女赔偿其精神损失费5万元。9月22日，上海某区的初级法院一审判决，女大学生胜诉！",2021-09-25 09:05:47
155,风吹汪,同心相随公益,. 速转！十万火急❗❗❗❗❗❗ 各群免踢 :不管多忙，请转发到你的另外群。 各位朋友：中央电视台《焦点访谈》已经播出，务必把这条信息发给你知道的群。 康师傅方便面含有日本禁用农药「多菌灵」，多菌灵可致脑麻痺、肝脏腫瘤等癌症。包括正在销售的（果粒橙），康师傅矿泉水，康师傅冰红茶，绿茶，雪 ...展开,2021-09-20 07:40:33
156,冰卫星赢政,小丑别难过,,2021-09-28 12:42:46
157,墨蓝域,IDDB,,2021-09-26 19:46:01
158,Tsingtao磊,TFgirls-猪猪,速转！十万火急❗❗❗❗❗❗ 各群免踢 :不管多忙，动动手转发一下，各位朋友：中央电视台《焦点访谈》已经播出，务必把这条信息发给你知道的群。 康师傅方便面含有日本禁用农药「多菌灵」，多菌灵可致脑麻痺、肝脏腫瘤等癌症。包括正在销售的（果粒橙），康师傅矿泉水，康师傅冰红茶，绿茶，雪碧，可乐 ...展开,2021-09-11 22:52:48
159,Tsingtao磊,用户7452777493,我要上全民K歌热门超话生活闲谈:中央电视台《焦点访谈》已经播出，务必把这条信息发给你知道的群。 康师傅方便面含有日本禁用农药「多菌灵」，多菌灵可致脑麻痺、肝脏腫瘤等癌症。包括正在销售的（果粒橙），康师傅矿泉水，康师傅冰红茶，绿茶，雪碧，可乐，原丹东鸭绿江啤酒，青岛啤酒，雪花啤酒 ...展开,2021-09-19 14:32:00
160,马兰删,老c队长,被举报人删除了被举报信息, 
161,Tsingtao磊,JC李咏春,,2021-09-25 16:35:24
162,Tsingtao磊,他妈B的,他妈B的 ：. 速转！十万火急❗❗❗❗❗❗ 各群免踢 :不管多忙，请转发到你的另外群。 各位朋友：中央电视台《焦点访谈》已经播出，务必把这条信息发给你知道的群。 康师傅方便面含有.... 查看全文,2021-09-26 23:41:27
163,Tsingtao磊,对抗与进步,"不准外资控股

各位朋友：中央电视台《焦点访谈》已经播出。 康师傅方便面含有日本禁用农药“多菌灵”，多菌灵可致脑麻痺、肝脏肿瘤等癌症。包括正在销售的果粒橙，康师傅矿泉水，康师傅冰红茶，绿茶，雪碧，可乐，原丹东鸭绿江啤酒，青岛啤酒，雪花啤酒等康师傅一系列产品，里面都有多菌灵。 ...展开",2021-09-27 14:25:34
164,绿皮密生西葫芦,米德卢维骑,被举报人删除了被举报信息, 
165,伊利达雷之怒,秦地之巅,"近日，#上海一名女大學生扶老人被訛#，老人子女不但不归还女大學生墊付的1000元医疗费，还讹诈5000元。

女大学生无奈报警，监控证明清白后，女大學生要求老人及其子女赔偿精神损失费5万元。9月22日，上海某区的初級法院一审判決，女大學生胜诉！ 米德卢维骑的微博视频",2021-09-26 16:55:38
166,小崔小崔喜欢...,走红运看相,,2021-09-20 14:14:19
167,油腻且俗气的小伟,笨笨puppy株式...,被举报人删除了被举报信息, 
168,Hlittle钦,看剧时间,"播放视频
0:12
5348次观看",2021-09-25 05:24:23
169,瓜小易,拔山填海,被举报人删除了被举报信息, 
170,zCollier,头大的zhei娃,头大的zhei娃 ：#湖工大# 此后如竟没有炬火，我便是唯一的光。 我没有办法坐视不管，湖工大女研究生在学校被黑人猥亵跳楼身亡！！！这学校压热度,2021-09-24 10:38:11
171,如未一年雪庐州,我看你才是yxh,被举报人删除了被举报信息, 
172,用户1956550743,用户6451813336,就在一小时之前。俄罗斯航班SU1492航班客机在莫斯科谢列梅捷国际机场紧急迫降未成功后冲入高速公路至多辆车辆毁坏和41人死亡！ 用户6451813336的微博视频,2021-09-23 21:29:57
173,Andyandy-Y,摇尾巴的龟,湖北工业大学 狗都不读,2021-09-24 12:03:01
174,村头中二少年,姜博智,#湖北工业大学国庆放假安排#所以那个黑人怎么处理了？冷处理还是不处理？,2021-09-24 13:34:33
175,zCollier,Z肥肥小同学,被举报人删除了被举报信息, 
176,jameswawe,疲倦了吗啊,疲倦了吗啊 ：#湖北工业大跳楼#听说是湖北工业大学研一女生昨天被黑人锁教室猥琐了，23号跳楼了……怎么这么大事一点消息都没有,2021-09-24 11:29:18
177,魔幻2020加油,又一红尘仙,花一样的生命就这样凋谢了！@湖北工业大学 #湖北工业大学#,2021-09-24 14:17:48
178,coloUrful金,容操燕,湖北工业大学最近几条微博都关闭评论了。#湖工大研一女生教学楼跳楼身亡#,2021-09-24 12:42:45
179,大大大墨豪,搬砖妹又在吐槽,湖北工业大学不出来解释一下？,2021-09-24 08:48:53
180,Tsingtao磊,导师舒博然,,2021-09-27 09:47:16
181,胡子不扎手,科林斯王动,科林斯王动 ：湖北工业大学黑人留学生闹出人命。消息称封锁了。,2021-09-24 15:57:16
182,佛系养花po主_H,梅格妮爱坤,"#湖北工业大学##湖北工业大学国庆放假安排#
女方自己跳的又不是黑人杀得，只能说女生心理素质差 这能怪谁",2021-09-24 13:08:36
183,你长这样买不...,毒舌列文,毒舌列文 ：网传湖北某大学的某事件，真的假的？有没有官方消息？[并不简单] #毒舌时评#,2021-09-24 12:16:50
184,风的节奏吹,反黑绿组阿Sir,粉丝发来：湖北工业大学留学生猥亵女生导致该女生跳楼，这是真的吗？,2021-09-24 08:59:35
185,5057328269,5057328244_923,5057328244_923 ：这个内,2021-09-24 11:21:44
186,狼家先生,北村,如果属实，难以置信！难以置信！ 北村的微博视频,2021-09-19 10:39:39
187,喜欢笑的树懒,紫荆树,【高铁再曝“霸座女”，称票上没写过道座位啊】9月19日，在永州到深圳北的G6078高铁列车上，一位女乘客上车后未按照车票上的座位落座。该女子买的票是过道座位，但是她先上车就直接坐在了靠窗的邻座上。靠窗的乘客上车后让她换座，她却戴着耳机装没听到，之后又拒绝换座，称自己买的票就是这个座位，乘 ...展开,2021-09-21 14:18:57
188,微澜6665,步精分,"自驾西藏免费景区遭人辱骂，拦车收钱让游客滚蛋，最后报警了！
就是因为有较真的人，世界才能更美好！！#西藏自驾游# 步精分的微博视频",2021-09-20 22:34:57
189,微澜6665,一只佛系网瘾,"旅游博主自驾西藏免费景区遭人辱骂，拦车收钱让游客滚蛋，最后选择报警…
#走心视频##搞笑视频##搞笑# 一只佛系网瘾的微博视频",2021-08-19 13:24:01
190,大强,道哥日记,"8:39
17.7万次观看",2021-09-17 21:18:26
191,鸿_钧_,欧阳律师助理,麻烦@广州交警 @广东台触电新闻 @人民日报评论 @环球时报 辟谣，是不是真实出现这样的违法执法的情况,2021-09-19 12:16:15
192,vincent_hj,飘逸彡Zhong,#光谷创业街杀人#才发生可怕，有细节嘛,2021-09-18 14:35:17
193,江城观世界,雯Abby_,被举报人删除了被举报信息, 
194,江城观世界,图门ccccccccc...,被举报人删除了被举报信息, 
195,氵T拖拖拖,五菱宏光的引擎盖,五菱宏光的引擎盖 ：#恒大金服# 银保监会终于介入联合多部门监督，很多人已经在陆陆续续的回款#恒大集团# 今天我也在里面开始回了#p2p# 要求平台做好清退工作，压实互动，实控...,2021-09-17 23:31:23
196,孤艾梦,江边的牧马人,江边的牧马人 ：#恒大金服# 互相转告一下，内策有部门开始兑付了，许家印的妻子兑付了2300万#恒大金服[超话]##恒大金服隆重上线##恒大金服暴雷金额或涉数百亿#,2021-09-16 21:30:04
197,修炼千年的黑熊精,前沿思想,农村出来的不容易，一代人的付出 #情感#,2021-09-16 10:50:52
198,无情的浪崽儿,谈笑风生江民民,"#成都女子一人去塞尔维亚旅游失联#
根据网友提供的线索：已经在暗网上拍卖了，暗网编号AHNFY-HL-084",2021-09-12 17:31:58
199,Joycreate,王德培,张文宏：今冬非常严峻！疫情对人类未来影响巨大！,2021-09-14 22:41:14
200,汤圆年糕芋圆糍粑,默司马,默司马 ：前后矛盾的辟谣，估计湖北工业大学用一个男学生跳楼来掩盖一个女研究生被黑人猥亵跳楼自杀 http://t.cn/R2WxlTa,2021-09-24 14:40:49
201,如龍_弎,爱吐槽的刘战神,,2021-09-13 13:24:52
202,沉默的小郑,道系少女Minami,武汉洪山区法院门口枪杀律师？死了三个人？真的假的？？太吓人了吧,2021-09-13 12:49:07
203,天天想你-oo,军营纪事,近日，山东滨州街头，一男子持刀当街伤人，路边店主挺身而出，拿着长棍击打伤人男子，并将其手里的刀具拨到一边。过一会又有邻居推来电动车压在男子身上，最终将其制服。#正能量##微博公开课# 军营纪事的微博视频,2021-09-12 07:07:35
204,风fun道,_Reno_挚爱FF,"塔利班妇女大会这个新闻看到一个评论：一个男的如果杀了他老婆只要把人一埋再领个差不多个头的女人回家没人知道他杀了人，女人没有自己的社交圈没有任何社会地位约等于世界上没有这个人。

听完不寒而栗。",2021-09-12 17:56:54
205,风fun道,香蕉没毛病,香蕉没毛病 ：塔利班妇女大会现场，黑漆漆的一大片，这新式战袍估计将要成为阿富汗妇女的正装,2021-09-12 13:07:00
206,风fun道,TACAT橘猫量贩,TACAT橘猫量贩 ：塔利班妇女大会，出现了一种之前未曾见过的新式袍子。 所以这群哈吉才是托尔金老爷子的铁粉？,2021-09-12 12:39:04
207,风fun道,文崽学西语,"塔利班妇女大会
一切尽在不言中",2021-09-12 13:48:26
208,风fun道,Vera雪阳,塔利班妇女大会规定的罩袍形式，让我第一时间想起了《指环王》里的戒灵。,2021-09-12 13:19:13
209,鶇澜,衝鋒号角,阿富汗塔利班召开妇女代表大会。,2021-09-12 08:40:37
210,7458944093,白馬賀蘭,塔利班妇女大会，会场出现了这种前所未见的新式罩袍，估计将要成为阿富汗妇女的正装。,2021-09-12 02:29:04
211,潜行追踪,5057328256_353,5057328256_353 ：第一个,2021-09-07 19:25:07
212,test_jk_21131,5057328256_353,5057328256_353 ：今天天气不错1,2021-09-07 14:34:34
213,5057328256_353,5058690309_242,5058690309_242 ：第二个我,2021-09-07 14:16:01
214,5057328269,5057328256_353,5057328256_353 ：这个进了么,2021-09-06 13:59:13
215,潜行追踪,5057328256_353,5057328256_353 ：第一个,2021-09-06 10:36:48
216,5057328269,5057328256_353,5057328256_353 ：这个进了么,2021-09-06 13:59:13
217,你饿吗我饿,欢乐侠,"0:10
9427次观看",2021-08-31 22:04:12
218,阿該Ga,欢乐侠,#喀布尔机场外爆炸致十余人死亡#痛心无锡一小吃店发生爆炸致9人死亡10人受伤，救援工作结束#今日热门# 欢乐侠的微博视频,2021-08-30 18:42:12
219,test_jk_21164,5057328256_353,被举报人删除了被举报信息, 
220,Stan斯坦君,幽默风趣笑话,当天发博，下午被逮捕，安排的明明白白,2021-09-13 04:22:02
221,路边张大伯2代,保哥挺好,被母亲强制带去补课，男生举报并带警察查抄培训机构#为孩子们开学拼了12个昼夜# 保哥八卦的微博视频,2021-08-20 21:28:29
222,Aruuhan,视观,呼和浩特市的一名小学生带领警察现场抓补课班，电视台跟踪报道，几方配合的天衣无缝。#创作力计划##金牌混剪# 视观的微博视频,2021-08-20 08:53:29
223,武术队总教练,啊哈童童,童毅plus ：月入过万的高收入人群要多交税了，补充一点。，中国目前只有三千万人月收入过万哈。,2021-08-18 12:40:48
224,认真清醒,寂寞嫦娥舒广袖,【孩子补课，家长补德！】沈阳夫妻给双胞胎孩子补课后告老师的事，不是谁对谁错的问题，而是事关私德和做人的问题，是一个把老师当目标，把孩子当道具，从头到尾都充满着人性之恶的阴损圈套。老师是有错，但也是你家通过熟人求着给自己的孩子补的课，老师得到了处罚，人们看到了这对夫妻的丑陋内心。孩 ...展开,2021-08-14 18:09:41
225,认真清醒,xu-xiaomay,沈阳双胞胎补课 沈阳家长求熟人给孩子补课，结果刚考完试，反手就把老师举报了！近日沈阳一位家长因为给双胞胎孩子中考补习，托熟人找了一位物理老师给孩子补课。想不到在孩子拿到高中录取通知书后，这位家长反手就把这个老师给举报了！这次你赢了，未来呢？无耻无下限.......这种家庭教育出来的孩子， ...展开,2021-08-19 11:51:14
226,认真清醒,崇文老潘,沈阳双胞胎家长的举报补课老师的前前后后，绝对不是一个孤立的存在，而是代表这个社会中最可怕的一群人，这种人的大量存在一定会把一个社会陷入万劫不复的境地。,2021-08-10 19:12:20
227,小小哥de哥,打工的杀神,"#双胞胎补课却把老师举报#家长拖熟人请老师补课
考上高中后反手来个举报老师受到了处分，并退还了补课费
补课的孩子有两个是双胞胎，补了15天，一科
一人一节课收费100，这家长两个孩子应该交
6000元，她交钱时就讨价还价要少交1000，我没同意，因为亲戚孩子不收费，就收三个人的
费用。共收9000，两个 ...展开",2021-08-13 19:52:56
228,小小哥de哥,军武季,近日，沈阳一对双胞胎的家长托熟人请物理老师补课，孩子考上高中后家长实名举报老师，不仅收回了补习费并获得了老师和熟人的补偿款。,2021-08-09 17:33:37
229,Geralt我的,宅女黄懒懒,秦皇岛落水被救女孩家属道歉，会尽可能回报男孩的家庭 宅女黄懒懒的微博视频,2021-08-19 07:31:47
230,玉Alex,师永刚,"年收入12万被称为高收入群体？

#V光新星#",2021-08-18 10:04:20
231,玉Alex,大伟论大A,#证券##今日股市##税收政策# 年收入超过12万的属于高收入人群，要加大税收力度了，尔等准备好了吗,2021-08-18 13:32:38
232,玉Alex,每日上海,,2021-08-18 11:00:04
233,东海独钓蓑笠翁,书法家于坤琦,2019年武汉军运会期间，公交监控中的美国大兵故意把唾沫抹在扶杆上传播病毒 书法家于坤琦的微博视频,2021-08-17 14:20:18
234,PingPong-Peco,有限次重复博弈,有限次重复博弈 ：合理调节过高收入 鼓励高收入人群和企业更多回报社会,2021-08-18 07:59:12
235,风的节奏吹,导筒现场,导筒现场 ：现在是喀布尔的早晨十点，大量的阿富汗人拖家带口正在奔向美国人声称已经用武装保护的机场，身后就是塔利班开枪的声音，夹杂着孩子的哭喊声。 via virooting http:...,2021-08-16 13:21:02
236,_MrZ_1,尙方,"#秦皇岛17岁男生因救3个姑娘牺牲#
万万没想到，这件事情竟然还有更痛心的。
我们先来解读一下这篇道歉文字:
1.我妹还小，比较叛逆。况且现在心情不好，所以说了偏激的话。
2.你们已经影响到我们的生活了，别再打扰我们了。
3.我们三家开始筹10万元补偿他了，别说我们没良心。
...展开",2021-08-10 08:03:20
237,小羽落啊,奇闻异录一只喵,"0:16
3668次观看",2021-08-10 08:47:13
238,白白只望敬亭山,wuli一起看变...,"沈阳大东区教育局紧急会议
时间：2021.8.8   10：00
会议内容如下：
1. 大东区有一名孩子核酸检测确诊为阳性，有两名教师作为密切接触者已隔离，该生曾去校外培训机构上课，具体哪几所机构暂时未公布。现要求大东区所有培训机构立刻停业锁门。
2. 大东教育局接到上级指示要求大东区所有培训机构（无论 ...展开",2021-08-08 12:30:53
239,微澜6665,江南开爷_,#吴亦凡##监狱照# 哈哈，这是真的吗？,2021-08-03 21:27:16
240,陈教乐,杨红旭,"广东湛江，一胎生七男一女！
我想知道，政府会有什么奖励？ 杨红旭的微博视频",2021-08-24 22:11:06
241,用户6563173258,薛心怡,"#河南大雨#
一场暴雨，洗礼了我们的家园，我们要挺住。 陈艺名的微博视频 #河南暴雨#",2021-07-22 10:44:59
242,杨jj_heather,静雲子-易尚礼,以后多喝茶，少喝酒。茶水能预防新冠病毒。 静雲子-易尚礼的微博视频,2021-07-31 08:14:28
243,突然暴躁的小蝾螈,欢乐侠,#今年郑州也太难了#恩施建始暴雨 建始县城被淹，车都被冲进河道里了，恩施今年太难了#今日热门# 欢乐侠的微博视频,2021-08-03 11:49:12
244,哈哈嘿嘿好的,嘴甜心狠_Smile,"#扬州疫情#
扬州的家人们：扬州已经在湾头开始建立方仓医院了，400台美的空调已经组装完毕！
建立方仓医院，也就意味着这次疫情很严重，隔离者会逐步很多。大家一定要在家做好防护，做好长期打算的准备！不要把这个事不当事，不要以为打过疫苗就有用，变异了！受到感染的都是打过疫苗的。
如果你已经不 ...展开",2021-08-02 15:49:31
245,嘿tui呸,Mackenzie____,,2021-08-03 09:33:41
246,吃藕大爷123,红旗再卷农奴戟,被举报人删除了被举报信息, 
247,齉龘龘靐齉齾...,媒体人李俊,被举报人删除了被举报信息, 
248,tacoox,沈阳sz1961sy,被举报人删除了被举报信息, 
249,-热水-,谢洋同学V,南京这个人轨迹也是太牛逼了吧，嫖娼几天？#南京各景区今天恢复开放#,2021-07-30 11:44:20
250,南京恒卓地产...,万点昊,,2021-07-30 15:00:05
251,后院起火太惨了,或许不如不现,被举报人删除了被举报信息, 
252,素秋三至,大湾区孙启赢,奥运首金得主，1100万奖励，外加一套500万洋房，太让人羡慕了,2021-07-27 20:26:14
253,A·马晨曦,miniDZ,"疫情防控升级紧急通知：
1.今天（31日）起，全洛阳市恢复2020年初战时状态，所有人进入公共场合必须佩戴口罩。",2021-07-31 08:56:07
254,数码酱-,猪有宝,"0:06
3.2万次观看",2021-07-29 23:14:16
255,超大善舞精灵,猪有宝,#中国击剑女团重剑落败意大利#中国击剑3名队员确诊新冠肺炎#今日热门# 猪有宝的微博视频,2021-07-29 23:36:16
256,用户-8975777,拈花微笑smile,"愿逝者靈安，生者心安🙏
#河南暴雨##郑州暴雨##郑州5号线地铁口铺满花束#",2021-07-28 22:42:15
257,英吉莎莎,张治勋,"🇨🇳泪目
郑州地铁五号线
今日空车运行
每一站都会停留
每一站都会报站
愿没能回家的逝者 灵魂能够回家
愿逝者安息
#河南暴雨互助##郑州5号线地铁口铺满花束##郑州地铁##郑州挺住# 张治勋的微博视频",2021-07-27 23:48:37
258,丹桂dg2007,光环姑娘的发财猫,被举报人删除了被举报信息, 
259,用户7642255515,开封江水平装修队,泪目！希望地铁5号线每一位遇难者都能找到回家的路🙏🙏🙏🙏🙏 开封江水平装修队的微博视频,2021-07-27 21:33:04
260,微澜6665,贝肯佳佳,贝肯佳佳 ：这是吴亦凡的监狱照吗？笑疯了,2021-08-05 10:10:43
261,酿栖,用户7621893795,用户7621893795 ：据说成都熊猫基地有一名新冠感染者 [泪][泪][泪][泪][泪][泪][泪][泪][泪] 愿平安,2021-07-28 08:50:11
262,阿伯中了乐透,解读日本,"郑州地铁五号线
今日空车运行
每一站都会停留
每一站都会报站
愿没能回家的逝者灵魂能够回家 解读日本的微博视频",2021-07-27 22:18:18
263,独爱海洋的基围虾,看瓜吃笑话,"杨倩的奥运会奖励,妹妹值得！！！！",2021-07-27 15:37:14
264,睡不醒的喵小花,娱大掌柜,娱大掌柜 ：杨倩奥运会奖励：奖金总和有1100万、一套江景房、保送研究生、一系列代言收入等…,2021-07-27 16:28:12
265,达尼_MMI,宁波房地产研究者,"#宁波头条#东京奥运会首金获得者杨倩icon获奖励1600万

东京奥运会首金获得者宁波姜山人杨倩目前获得奖励情况统计如下:

国家体育总局：100万；
浙江省人民政府：100万；
宁波市人民政府：100万；
鄞州区人民政府：500万；
姜山镇人民政府：300万；
宁波雅戈尔集团公司：江上高端小区洋房一套价值500万 ...展开",2021-07-26 22:34:19
266,歪小文_改,香港正义姐蓝雪宝,日本跳水，在搅笑吗？ 香港正义姐蓝雪宝的微博视频,2021-07-27 00:03:33
267,慢慢玩哈哈,人间值得你王一博,京广路隧道死了三四百人 有的一家四口都死在车里了 太难过了🙏🙏🙏🙏🙏🙏🙏🙏,2021-07-26 21:03:33
268,Evangeline-xue,这个唐僧爱吃娱,日本东京奥运会花式跳水，跳水教练惊讶的目瞪口呆，走上台，没站稳，掉,2021-07-26 14:50:51
269,用户7656641115,没事就要笑一下,#台风烟花#三条河决堤，六个湖倒灌一句“守不住了”，瞬间泪目炸村庄保卫辉，淹卫辉保新乡下这样的决定得多疼！ 没事就要笑一下的微博视频,2021-07-26 11:47:03
270,CDAPT--兰博天使_,燕返流年,看到朋友发的上海5号线。。。全面停运了。明天要出门的小伙伴们要注意安全啊！没事呆在家里就好，别像我一样还要出去浪～要浪也要带着冲浪板或则救生衣啊。 燕返流年的微博视频,2021-07-25 23:48:42
271,Ru_Sylvia,Tomo熊,台风，上海外滩黄浦江 Tomo熊的微博视频,2021-07-25 16:27:33
272,小志飘来飘去-...,杜兰特博士,台风烟花，今夜上海地铁5号线已沦陷，本市企业明日居家办公；博士可以陪大家看看盘，聊聊天 杜兰特博士的微博视频,2021-07-25 22:18:42
273,萝卜头的天下,道意绵绵,上海外滩 道意绵绵的微博视频,2021-07-25 21:54:51
274,业余者行孙,庸庸众生,听闻南京准备封城,2021-07-24 22:42:08
275,我的心允許你訪問,武术张张,"#新乡泄洪#新乡卫辉还需要求助
帮忙打救援电话来大块镇北庄村！！！化工厂要爆炸了，村里还都是水！！！",2021-07-24 12:19:42
276,我的心允許你訪問,武术张张,"#新乡泄洪#新乡卫辉还需要求助
帮忙打救援电话来大块镇北庄村！！！化工厂要爆炸了，村里还都是水！！！",2021-07-24 12:18:01
277,WnMinnnnn,蛇精娟,,2021-07-24 04:12:15
278,ki的宝藏,杭州快报,#齐齐哈尔洪水# 黑龙江齐齐哈尔也发生了严重的洪水，看网友拍的视频真的很严重，希望大家多多关注和支援！🙏老天别再下雨！传递正能量 娱八婆的微博视频,2021-07-23 19:47:02
279,五岳散人22632...,孤月js,接通知今天郑州全面空中喷药消杀，如需出门一定要全程配戴口罩 ！请知悉！看到信息的伙伴也请相互转告。,2021-07-24 10:22:46
280,用户7642255515,嘟嘟小笨8379,#郑州地铁# 五号线开运了？真的采纳了网友们的建议？！🙏🙏🙏 嘟嘟小笨8379的微博视频,2021-07-27 20:02:06
281,Georad,河南少儿舞蹈,被举报人删除了被举报信息, 
282,無窮無盡Endless,关注我都发财了,被举报人删除了被举报信息, 
283,微澜6665,厦门谢圣亮,"📣接力、接力、接力
翔安马巷桐梓南方电网大楼斑马线一个小女孩被车撞了，目前肇事司机已送往第五医院（同民医院）
不知是哪家的孩子，伤势非常严重。请帮忙转下[合十][合十][合十]",2021-07-23 01:02:47
284,逆光的藏蓝,七台河公交迷,被举报人删除了被举报信息, 
285,炙凌云,全球神奇君,21日，郑州，男子服装店去年因疫情闭店很久，今年刚有希望，一场暴雨淹没店铺让他失声痛哭 全球神奇君的微博视频,2021-07-23 09:10:25
286,Z-不想说话,热门表哥,热门表哥 ：21日，郑州，男子服装店去年因疫情闭店很久，今年刚有希望，一场暴雨淹没店铺让他失声痛哭 http://t.cn/A6fnyd6l,2021-07-22 14:10:50
287,2021要更努力鸭,诺兰的小星星,"#埋废墟获救女婴母亲已身亡#
请大家帮忙看看
急找孩子，求转
实验小学
寻人启事
13930886687
帮忙扩散，今天上午一个三岁多小女孩在锦绣花园小区附近被人拐走了，小女孩能说出她爸爸的手机号码 从监控上看是被一个四十多岁男人抱走了现大人都急疯了 有知情者请告之 万分感谢 看到信息的兄弟姐妹留意一 ...展开",2021-07-22 23:50:10
288,不神秘的Y,王主尔,#郑州# 部分地方水已淹到三楼，海洋馆X了，鲨鱼和大型鱼啥的都出来了（微信视频） 爾樂譜的微博视频,2021-07-21 01:11:53
289,踯躅崎馆主,·噬血维纳斯·,被举报人删除了被举报信息, 
290,E000E1,谈经道股,下大雨，荥阳的某个水族馆爆缸，鳄鱼跑出来了。 谈经道股的微博视频,2021-07-21 00:48:58
291,乌云行星酒馆,不准出被窝,同感。今晚惊恐发作确实和灾情也有关，一刷空间着实震到，甚至还看见了鳄鱼咬着人沉到水下……可能我确实太脆弱了，唉，祝福河南及周边地区平安…,2021-07-21 04:12:15
292,踯躅崎馆主,春晕环·,被举报人删除了被举报信息, 
293,噗噗噗噗嗤x,渡过漫长的路,被举报人删除了被举报信息, 
294,踯躅崎馆主,琰小猫粗来丸,被举报人删除了被举报信息, 
295,踯躅崎馆主,逆苏女娲,被举报人删除了被举报信息, 
296,Usoxx,小抠抠L,小抠抠L ：听说河南这次洪涝鲨鱼鳄鱼都出来了 是不是真的[感冒]#河南为何成为全国强降雨中心#,2021-07-21 02:07:35
297,晚夜与海棠,手中掌握,被举报人删除了被举报信息, 
298,用户7371823707,夜燕白,被举报人删除了被举报信息, 
299,RIKKEN_620,DavaZhong,被举报人删除了被举报信息, 
300,Georad,小九呢啊,被举报人删除了被举报信息, 
301,阿--钦oo,南极星破晓色,被举报人删除了被举报信息, 
302,冷冷的河_,爱红兔子,被举报人删除了被举报信息, 
303,潘迪同泶,抱歉啊没能变...,抱歉啊没能变成你喜欢的样子 ：#南京疫情# 一切都会好的，检测完又回去单位了，好想回家睡觉哈哈 http://t.cn/z8y6R3a,2021-07-21 12:44:36
304,纯味果茶,我喜欢吃蛋黄派,#河南暴雨# ？,2021-07-20 23:08:11
305,Unphenomenon,爱菓子的小黑莓,被举报人删除了被举报信息, 
306,邻居家的老孙,是遥遥无期i,被举报人删除了被举报信息, 
307,小明当年忘的...,疯长_,被举报人删除了被举报信息, 
308,Happy微笑掩饰...,全国一级退堂...,被举报人删除了被举报信息, 
309,晓-沐阳,Jk_吸易玺,被举报人删除了被举报信息, 
310,爱吐槽的大木宁,5902327627,被举报人删除了被举报信息, 
311,TimSickoWongIII,虎扑的步行街,被举报人删除了被举报信息, 
312,曹YY,Jk_吸易玺,被举报人删除了被举报信息, 
313,Def_Donottouchme,老c队长,被举报人删除了被举报信息, 
314,一锅years,王一博De老婆,#河南暴雨# 海洋馆的鲨鱼被冲出来了，动物园的鳄鱼也出来了，唉 王一博De老婆的微博视频,2021-07-21 00:11:17
315,KaRsLz,北纬叁度_eter...,被举报人删除了被举报信息, 
316,和小汤一起,辣椒娱乐社,被举报人删除了被举报信息, 
317,林2朱,超级爱学习的小刘,被举报人删除了被举报信息, 
318,Keller最愛花生米,陈震-融资难找...,#河南暴雨#海洋馆没有守住，鲨鱼啥的都出来了？#河南为何成为全国强降雨中心##河南一定行# 陈震-融资难找华振的微博视频,2021-07-21 08:52:38
319,只陈伟霆三字...,九洲风云,郑州海洋馆逃出来的鲨鱼、鳄鱼。 网页链接,2021-07-21 09:13:38
320,生蚝配香槟,黑视频,被举报人删除了被举报信息, 
321,微澜6665,滨州民声,怎么还有人干这种缺德事。7月15日广东茂名，一名偷小孩的人贩子被当场逮捕，众人围观愤怒指责#广东偷小孩的人贩子被当场逮捕##头号博主说# 网页链接,2021-07-16 15:56:51
322,微澜6665,8一笑而过,7月15日广东茂名，一名偷小孩的人贩子被当场逮捕，众人围观愤怒指责 ##快手# @快手 每日热搜的快手视频,2021-07-16 16:35:22
323,李光春,蛛网搜奇趣,蛛网搜奇趣超话7月15日广东茂名，一名偷小孩的人贩子当场被逮捕，众人围观愤怒指责！#人贩子# #人贩子判死刑# #潜龙爆料幽默话题##蛛网搜奇趣##蛛网搜奇趣话题##杭州##我的大余杭# 蛛网搜奇趣的微博视频,2021-07-19 10:23:43
324,李光春,会火大叔,7月15日广东茂名，一名偷小孩的人贩子被当场逮捕，众人围观愤怒指责。 会火大叔的微博视频,2021-07-16 14:51:48
325,李光春,长春这噶儿,网传7月15日广东茂名，一名偷小孩的人贩子被当场逮捕，众人围观愤怒指责。 长春这噶儿的微博视频,2021-07-17 08:29:10
326,李光春,清宁日月v,被举报人删除了被举报信息, 
327,招财元小宝,奇闻挖掘机,奇闻挖掘机 ：网友投稿:杭州一商场“爱国”女子追着一位日本女孩骂：“日本人滚出中国！滚出这个商场”保安拦都拦不住。有一说一，对于这种行为，大家怎么看？？[生病] http://t.cn...,2021-07-14 22:36:00
328,飞越天地,傻子笙歌,网友：一商场，一女子追着一位日本女孩骂：“日本人滚出中国！滚出这个商场”保安拦都拦不住。 你怎么看？网页链接,2021-07-15 11:57:31
329,路西法的莉莉丝,道哥日记,网友投稿：事发杭州， 逛商场偶遇一“爱国”女子追着日本女孩大骂：“滚出中国！滚出这个商场！”你对此事怎么看？ 疯狂匹夫的微博视频,2021-07-13 21:55:20
330,无敌的Bop_z,专员影子,专员影子 ：网友投稿:杭州一商场“爱国”女子追着一位日本女孩骂：“日本人滚出中国！滚出这个商场”保安拦都拦不住。有一说一，对于这种行为，大家怎么看？？[生病][生病] http://...,2021-07-16 11:57:36
331,请你吃一颗榴莲,打工人阿卷,"某商场有人追着一个日本女孩骂。。。
#今日迷惑# 打工人阿卷的微博视频",2021-07-14 17:56:20
332,小遥学会了,谭浩俊微财经,#杭州女子商场内驱赶辱骂日本女孩#【千万不要以为，日本政府做出许多不利于两国关系和损害中国利益的行为，就可以对无辜的日本公民采取不礼貌的行为，就觉得这是爱国。恰恰相反，这是丢中国人的脸】“滚出商场，滚出中国！”杭州，某商场，一位大妈，追赶一日本女孩，大声辱骂，沿途驱逐，最后，在工作 ...展开,2021-07-15 07:25:37
333,这一面朝上,_乍见之欢_,被举报人删除了被举报信息, 
334,mmmmmmdidi,Rabbit每日扒料,被举报人删除了被举报信息, 
335,哈士奇的小眼睛LC,1024专员,杭州一商场一位精神病女子追着一位女孩：“日本人滚出中国！滚出这个商场” 1024专员的微博视频,2021-07-14 22:19:20
336,微澜6665,西子丹聊斋,网友#爆料#：杭州某商场，一女子追着一日本女孩骂：日本人滚出中国！滚出这个商场！保安都拦不住......大家怎么看这件事？#宝藏星视频# 西子丹聊斋的微博视频,2021-07-14 22:14:38
337,无心简影,神楽坂由香,#杭州一女子商场追着日本女孩大骂#极端民族主义是一把利剑，一把可以杀人伤己的锋利剑。再说了，人家滚不滚出中国轮到你来教训了？你以为你是新中国成立的功臣了？,2021-07-15 16:08:45
338,Collapsetraum,江丄孤舟,被举报人删除了被举报信息, 
339,王木冷,扒妹一米五,#杭州女子商场内驱赶辱骂日本女孩#浙江杭州一商场内，一名女子追着日本女孩大喊滚出中国，滚出商场#今日热门# 扒妹一米五的微博视频,2021-07-15 09:04:00
340,娱吃瓜,郑州同城事,被举报人删除了被举报信息, 
341,oOlOo-ooo,这个要火的节奏,【“滚出中国”杭州一女子商场追着日本女孩大骂，商场：警方已介入调查】7月12日，浙江 杭州一网友爆料，一女子在商场内追着一日本女孩大骂，并让日本女孩“滚出中国”“滚出商场”。随后，商场工作人员进行制止，但女子依旧不依不饶。最后，在工作人员帮助下日本女孩才得以脱身。日本女孩离开后，女子 ...展开,2021-07-14 22:44:16
342,mmmmmmdidi,猎奇bot,【“滚出中国”杭州一女子商场追着日本女孩大骂，商场：警方已介入调查】7月12日，浙江 杭州一网友爆料，一女子在商场内追着一日本女孩大骂，并让日本女孩“滚出中国”“滚出商场”。随后，商场工作人员进行制止，但女子依旧不依不饶。最后，在工作人员帮助下日本女孩才得以脱身。日本女孩离开后，女子 ...展开,2021-07-14 22:48:20
343,盟盟不是萌萌,SALT麻麻,被举报人删除了被举报信息, 
344,蠢猪的核弹已命中,瓶淡er,test20210712-1,2021-07-12 11:14:16
345,无忧无邪小精灵,test_jk_21223,test03,2021-07-13 10:48:36
346,无忧无邪小精灵,test_jk_21223,test01,2021-07-13 10:40:23
347,无忧无邪小精灵,test_jk_21223,test,2021-07-13 10:37:35
348,蠢猪的核弹已命中,瓶淡er,123456,2021-04-14 10:13:39
349,蠢猪的核弹已命中,瓶淡er,被举报人删除了被举报信息, 
350,荆门网警巡查执法,军武季,被举报人删除了被举报信息, 
351,仲唔讲声多谢...,错生错择,被举报人删除了被举报信息, 
352,沈潭峰_136,邓瑞瑜,听说国家今天优惠政策：12123处理一单违章不扣分不罚款，家里算下来8个车都搭不上这个“车”,2021-07-01 20:22:57
353,翻水蓝胖,股市包工头,"有交通违章的上【交管12123】APP点开你的违法记录，违法处理，然后到微信支付那一步，点击返回，就变成了处理完成，不扣分，不扣费，只限今天！
七一党百年华诞生日快乐！",2021-07-01 20:41:59
354,抹茶味的Zoe,粤滋味揾食团,,2021-07-01 19:15:40
355,龜龜Hgm,LoneIypartn,"好消息：车有违章的，在交管12123处理违章在今天处理不扣分不扣款。
注意：只能处理一张，支付时不要输支付密码就行，只限今天因为今天是党生日。",2021-07-01 18:50:41
356,迈克尓tt,00攒一口袋星星00,被举报人删除了被举报信息, 
357,Dawning666,渔村房毒秀,撸社会主义羊毛，今天违章不扣分不扣钱#财经##楼市#,2021-07-01 18:14:11
358,微澜6665,Mo莫小姐,"友情提示
今天建党节，所有车辆第一条违章免费处理，打开手机软件12123自己操作
点击交费不交再退出，就可以了
仅限第一条，点击交费不交再退出，重新打开软件就没了",2021-07-01 19:54:19
359,咖啡仔3X387,左右先生·,被举报人删除了被举报信息, 
360,王木冷,杭州最热门,【“滚出中国”#杭州一女子商场追着日本女孩大骂#，商场：警方已介入调查】7月12日，浙江 杭州一网友爆料，一女子在商场内追着一日本女孩大骂，并让日本女孩“滚出中国”“滚出商场”。随后，商场工作人员进行制止，但女子依旧不依不饶。最后，在工作人员帮助下日本女孩才得以脱身。日本女孩离开后，女 ...展开,2021-07-14 21:16:03
361,沈潭峰_136,珠海新房-王生,庆党100周年[庆祝]普天同庆每个人在今天可以在“交管12123”APP上面免费处理一条违章信息，不扣分不罚款！,2021-07-01 21:13:22
362,微澜6665,Luckybabysh,著名男高音歌唱家李双江外出旅游失联，突然人间蒸发无影无踪。四川甘孜藏族自治州警方在他坐车停放的马庆周围展开搜寻🙏 Luckybabysh的微博视频,2021-06-27 13:41:03
363,果洛网警巡查执法,365-厦门大雨,#李双江失联#男高音歌唱家李双江外出旅游失联，突然人间蒸发无影无踪。,2021-06-27 11:17:38
364,微澜6665,视观,"0:53
2869次观看",2021-06-27 06:44:13
365,微澜6665,石头D角落,"石头D角落 ：伤残退伍军人优先购票被拒,还被怼&quot;谁也不欠谁的&quot;，你怎么看 http://t.cn/A6fGJXPf",2021-06-26 22:53:07
366,微澜6665,花胡子说,"伤残退伍军人优先购票被拒,还被怼""谁也不欠谁的""，你怎么看？ #退伍军人# 花胡子说的微博视频",2021-06-26 20:53:03
367,微澜6665,会火大叔,"伤残退伍军人优先购票被拒,还被怼""谁也不欠谁的""，你怎么看？

网友:送她上前线🙏🙏🙏

#奇闻趣事# 会火大叔的微博视频",2021-06-26 21:24:10
368,微澜6665,吉林飞哥一条,"#新星视频秀# 伤残退伍军人优先购票被拒,还被怼""谁也不欠谁的""，对此你怎么看 #新星v计划# 吉林飞哥一条的微博视频",2021-06-26 20:57:44
369,帕克PUK,长春生活,被举报人删除了被举报信息, 
370,樱桃时节Astin,廖蝉家纯手工...,车管所通知：从2021年7月1日起机动车年审只能提前，不能推迟，那怕你迟一天，车管所系统会自动锁定档案，锁档案后需要车主本人去车管所部门处理，本人到场，才能解锁，望车友们尽快安排好时间年审验车。,2021-06-25 09:36:48
371,樱桃时节Astin,無錫匯友,"东风御风友情提醒：
从2021年7月1日起汽车年审只能提前，不能推迟，那怕你迟一天，车管所系统会自动锁定档案，锁档案后需要车主本人去车管所部门处理，本人到场，才能解锁，望车友们尽快按排好时间年审验车。",2021-06-25 13:55:15
372,樱桃时节Astin,不火的轩子,盘盘经典车超话 车管所通知：从2021年7月1日起汽车年审只能提前，不能推迟，那怕你迟一天，车管所系统会自动锁定档案，锁档案后需要车主本人去车管所部门处理，本人到场，才能解锁，望朋友们尽快按排好时间年审验车。#奶爸车会#,2021-06-23 21:13:36
373,sky紫麟,考不上教资不...,"#高考分数线##高考成绩#

山东省的高考分数线理科523分，文科540分，你们省份的高考分数线是多少呢？ 考不上教资不换头像的微博视频",2021-06-23 10:10:34
374,WWWCCCWCCC,垚妹酱,好可怜的孩子！垚妹酱的微博视频,2021-06-22 07:40:03
375,习惯孤独1983,修道者,#十堰燃气爆炸事故现场#吉林长春一小区燃气爆炸，窗户震碎一地，周边邻里亦受波及。该事故原因初步查明：夫妻纠纷引爆燃气#今日热门# 修道者的微博视频,2021-06-15 18:45:42
376,深藍NiCk,琳白陆,被举报人删除了被举报信息, 
377,笠囖鬼365,南沙新视野,"#广州疫情##南沙疫情#
关于八卦的问题，最早是这里看到的

不要私聊我八卦细节了好嘛",2021-06-07 19:15:06
378,漂洋过海来看...,李戚i,李戚i ：山东艾滋病五年增加295.2%,2021-06-11 19:51:39
379,澹泊明志欣欣然,师永刚,"山东维纺风筝节，大人失误把孩子放上天了……

#V光新星# 网页链接 网页链接",2021-06-10 20:04:28
380,暴暴辉,婧卓呀_,"党的生日（迟来的凌晨）
交管12123真的可以免费处理一条罚单
祝伟大的祖国更加繁荣昌盛",2021-07-02 04:00:53
381,认真清醒,ZH人间有味是清欢,#广州疫情# 两个人的倾城之恋，害了两座城市的上千上万人。,2021-06-08 12:05:28
382,认真清醒,大檀猫,"#深圳疫情防控新闻发布会##广州南沙全区全员核酸检测# 倾城之恋2021
他，住在广州南沙，三十来岁，无业，是个#躺赢# 的收租佬!她，住在广州荔湾，是他躺平的小三。
五月廿五那天，他去找荔湾找她浪，先去车行看了车，然后又去了那家茶餐厅吃饭，与携带病毒的大妈在红尘中插身而过，就那么一眼的缘分， ...展开",2021-06-07 19:01:09
383,认真清醒,古曼泰佛堂泰...,#广东新增19例本土确诊#这场倾城之恋让多少人对你们铭记于心啊！,2021-06-08 10:52:54
384,认真清醒,诗子晨曦,,2021-06-08 10:43:09
385,认真清醒,梦想织造家,#广州疫情感染链17天增至110人#所谓倾城之恋,2021-06-07 23:03:19
386,其实我是雨斌,锤哥看楼市,被举报人删除了被举报信息, 
387,人鱼灯,工藤花生酱,#武汉作弊考生同考场学生发声##猿辅导回应高考生拍照上传细节#不是用手机拍的，是把微型摄像头藏在眼镜里，用卫星传输型号，屏蔽器没用，伪装成这个样子鬼能看出来！！,2021-06-08 23:03:02
388,大部晴朗i,工藤花生酱,#猿辅导回应高考生拍照上传细节#不是用手机拍的，是把微型摄像头藏在眼镜里，用卫星传输型号，屏蔽器没用，伪装成这个样子鬼能看出来！！,2021-06-08 23:00:46
389,我的月亮永悬...,桐山肖砚,#作弊 小猿搜题#这等于说用眼镜拍，传到外面，外面人上传小猿搜题？（猜测,2021-06-08 11:29:46
390,闪送,谁干的,#外卖骑手摔倒被货车碾压致死#5日中午12点左右，成都成华区，一辆渣土车右转时碾压一辆电瓶车，致一名女闪送骑手当场死亡#今日热门# 谁干的的微博视频,2021-06-07 19:48:37
391,colporteurs,教母娱乐,被举报人删除了被举报信息, 
392,Nottanfield,养只傻猫叫陈...,#作弊 小猿搜题#不是手机作弊吧，老师又不是瞎#吴伊卓#,2021-06-08 13:38:05
393,天天要油菜,摩卡,图片转自微信群，如果是真的话，广州，深圳这两天几千万人联合参演了一场都市“爱情”孽缘：倾城之恋！ 劳资刚捅完嗓子眼，不得不由衷的来一句国骂。,2021-06-07 19:02:27
394,小碎壳儿,司馬子瀟瀟,#广州疫情感染链17天增至110人#网传这位南沙收租佬的倾城之恋是真的还是假的？有没有朋友确认一下。#潇潇语榭#,2021-06-07 22:58:41
395,风的节奏吹,药甄相,药甄相 ：真的假的？,2021-06-07 20:31:06
396,弥生12月,公号猫眼看天下,#安徽安庆一男子步行街上刺伤多人# 安庆突发持刀伤人案，抓住了一个，还有在逃的。伤亡情况不详，凶犯人数不详，当地尚未发声…… 公号猫眼看天下的微博视频,2021-06-05 19:44:09
397,Bonnie北北,桃TAO亲娘饭_C...,#安徽安庆一男子步行街上刺伤多人# 据说三个凶手，都绑了布条在头上，抓了两个还有一个在抓捕中,2021-06-05 19:57:34
398,安庆经开公安在线,有吗炒面或馄饨,#安徽安庆一男子步行街上刺伤多人#都在传还有两个同伙在逃，为什么官方不能公布一下情况呢？如果没有的话就澄清一下谣言，有的话赶紧发布通缉令。至少让大家心里有个数不用这么人心惶惶的吧,2021-06-05 20:05:09
399,小仙女的蛋炒饭,麒麟神侯,#安庆人民路##安徽一男子步行街持刀行凶#安徽安庆人民路步行街，一男子持刀行凶致多人受伤倒地又是闹市区行凶！而且还是团伙作案，头上带白色头巾，这事不是报复社会这么简单了,2021-06-05 19:07:41
400,I-am-a-straig...,舞动的音符YSY,被举报人删除了被举报信息, 
401,行走的西米,不倚瑶公主,不倚瑶公主 ：#武汉街道口分尸# 昨天晚上十一点多看到的，看的我心慌#街道口分尸#,2021-06-04 10:03:33
402,kkk可耐,法律时代,法律有话说 ：#街道口分尸#我的妈呀，网上看到的图，太可怕了太可怕了，为什么不打码[抓狂],2021-06-03 18:41:50
403,Alejandro春丽,刘浩灏,今日🍉 武汉街道口砂仁分尸？？？🆘 好害怕啊,2021-06-03 17:06:32
404,晋哥哥4884,是斯斯不是思思o,是斯斯不是思思o ：#街道口分尸# 我只能说麦当劳很惨....,2021-06-03 19:01:11
405,喜欢就是没理...,Crispy曦,被举报人删除了被举报信息, 
406,Vincent暴躁猫,兮兮西米,被举报人删除了被举报信息, 
407,般般这个名字...,八二年的香蕉牛奶,看到群里发的街道口碎尸给我看吐了太恶心了饭都吃不下去了希望是假的，严惩造谣者，搞得武汉都不敢呆了 #街道口分尸##武汉公安#,2021-06-03 20:45:59
408,慢话本,梁金婷_Carrie,被举报人删除了被举报信息, 
409,晋哥哥4884,夏日的周早早z7,#街道口分尸#救命……堂堂法治社会 怎会如此 而且还他妈离我这么近,2021-06-03 20:08:01
410,晋哥哥4884,不准你说我不...,,2021-06-03 19:00:23
411,GnAwL-77,Yeas杨,被举报人删除了被举报信息, 
412,_十七__,月球溺行,被举报人删除了被举报信息, 
413,晋哥哥4884,江边词,"#街道口分尸#我朋友转发给我了，看了一下，就第一张那边是在街道口，后面的图感觉不是
第一张不就是在街道口八号线新建的地铁站吗，后面的图那些建筑模模糊糊的感觉不像是在街道口",2021-06-03 19:11:34
414,得我始终望穿你,用户6495935514,#武汉街道口分尸# 恐怖如斯，吃晚饭看到图，把我恶心坏了，现在都想呕。。不知道杀人犯抓到没，一天不抓到人心惶惶，话说哪里能看案件进度？想知道事情的起因、经过。,2021-06-03 20:49:24
415,当我透明的吧,做腊肠的猪,被举报人删除了被举报信息, 
416,昀想衣赏花想容,李子威涂涂,被举报人删除了被举报信息, 
417,我想秋竹了,索恩SOURNN柒柒,被举报人删除了被举报信息, 
418,酒酿椰子糖,你的镜子SEO,被举报人删除了被举报信息, 
419,晋哥哥4884,番薯炒西瓜,"有人说这是假的，是之前跳楼的图片
但是那个分尸真的把人整yue了
#街道口分尸#",2021-06-03 19:11:21
420,大家喊我争姐,公号猫眼看天下,#安徽安庆一男子步行街上刺伤多人# 安庆突发持刀伤人案，抓住了一个，还有在逃的。当地尚未发声…… 公号猫眼看天下的微博视频,2021-06-05 19:32:58
421,Zeal木,水冰月Cindy_田心,#街道口分尸#武汉·街道口#街道口跳楼# 我的天，街道口怎么了？别吓我。我怕怕。谁来保护我。来个强壮的男朋友保护我#街道口#,2021-06-03 19:03:48
422,晋哥哥4884,水冰月Cindy_田心,#街道口分尸#武汉·街道口#街道口跳楼# 我的天，街道口怎么了？别吓我。我怕怕。谁来保护我。来个强壮的男朋友保护我#街道口#,2021-06-03 19:03:48
423,1818353301,亲爱的老白同学,被举报人删除了被举报信息, 
424,风fun道,今日中农网,赞皇县邢郭乡水洼村南50米处臭水河号称十里臭 苍蝇满天飞 网页链接,2021-06-02 15:57:40
425,风fun道,视野经济,赞皇县邢郭乡水洼村南50米处臭水河号称十里臭 苍蝇满天飞 网页链接,2021-06-02 15:57:53
426,风fun道,经济视野,赞皇县邢郭乡水洼村南50米处臭水河号称十里臭 苍蝇满天飞 网页链接,2021-06-02 15:58:02
427,ROB-鹰仔,诗人记者陈小平,诗人记者陈小平 ：再上抗疫一线！火神山医院志愿者，星夜驰援荔湾http://t.cn/A6V0SfT2 http://t.cn/A6V0SIQU,2021-06-02 15:14:40
428,早稻君,电影赵军,火神山医疗队入驻荔湾鹤洞 电影赵军的微博视频,2021-06-02 13:52:33
429,野蛮鱼fish,健子方李卫民,"火神山医疗队
入驻鹤洞那边。
荔湾挺住，广州加油！ 健子方李卫民的微博视频",2021-06-02 17:58:56
430,ROB-鹰仔,吃喝玩乐嗨IN广州,吃喝玩乐嗨IN广州 ：火神山医疗队入驻荔湾鹤洞#广州疫情##火神山医疗队# http://t.cn/A6V0J220,2021-06-02 16:19:40
431,微博管理员,是你的可爱布丁,是你的可爱布丁 ：。最近看到了大连撞人事件 湖南郴州砍人事件 南京新街口撞人后继续砍人的恶性事件 最后还有徐州万达杀人后的跳楼事件 又看到南京胖哥为了救人与罪犯拼死搏斗...,2021-05-30 15:42:52
432,NothingChic,大乃丸凡酱,被举报人删除了被举报信息, 
433,出来透口气XD,唐人默客,被举报人删除了被举报信息, 
434,EmoPunk,蕨代霜蛟,被举报人删除了被举报信息, 
435,你当我是浮夸吧i,侯宁,被举报人删除了被举报信息, 
436,小象街女鞋,张瑜丰,被举报人删除了被举报信息, 
437,深夜一两点,亚洲铜聊区块链,,2021-05-31 21:40:00
438,joker2077,梦醒未尽2020,被举报人删除了被举报信息, 
439,Ro一,万点昊,被举报人删除了被举报信息, 
440,夜空中最亮的...,virginia201709,#街道口分尸#我很奇怪他是如何被抛到大马路上到处都是的，不可能在街上分的吧,2021-06-03 21:40:19
441,5361645852,亞瑟Ray,#南京新街口# 我呸，就你这报复社会的还爱国，还好割喉自杀未遂，等待法律制裁吧,2021-05-30 00:22:18
442,养猪场59场分厂,衣锦夜行的饭爷,衣锦夜行的饭爷 ：昨天南京新街口那个事儿好像是俩人都离婚了，男的还把女的撞了，开车来回碾压，最后捅了几个人以后自杀了。讽刺的是这个男的微信名叫“家和万事兴”，看上去是个...,2021-05-30 14:17:44
443,_24pm,拒绝co,南京新街口事件起因据说是罪犯的老婆出轨了，然后就报复社会了… 目前听说犯罪分子已经自杀了，罪犯的群昵称还是“爱国”，微信名字还是“家和万事兴”… 天子之怒，天下缟素；布衣之怒，流血五步了。老实人被欺负，终于开始爆发了，哎…,2021-05-30 00:30:06
444,玥小儿玥圆又圆,玻璃易变,#南京羊皮巷轿车撞人事故#之前大连那个事我就在怀疑是不是有组织有预谋的报复社会，这个事更坚定了我的想法，南京同时两起报复杀人事件，车撞死人，还压了几次，我刚刚看了视频，还有拿刀捅人的，恐怖至极，听说还自杀了，他们是多杀一个赚一个！！请有关部门严查这些犯罪的人有什么联系，是不是一个组 ...展开,2021-05-30 00:54:15
445,于超yzc,毒舌列文,毒舌列文 ：南京夜未眠！ #毒舌时评#,2021-05-30 00:36:32
446,绘空甜事,完美主义,#南京新街口# 2021年5月29日晚，南京新街口连发多起撞人、碾压、捅人等恶劣事件，以下是微信群中据说来自医院护士及南京本地人的朋友圈截图，希望能对推动破案有所帮助,2021-05-30 00:04:00
447,RunFFFF,不说脏话从我做起,,2021-05-30 00:08:59
448,潍坊网警巡查执法,杨柳青青林春增,杨柳青青林春增超话#奇闻异事#分享视频: 山东省潍坊市国际风筝节时，因为家长没有及时照看好孩子，造成风筝尾巴将一小孩缠住带上了天空，好惊险啊！ 杨柳青青林春增的微博视频,2021-05-28 09:34:35
449,黎舒眉,沈阳校园君,#黑龙江科大#听说女主自杀了？,2021-05-26 19:41:47
450,An886_-,演GeGe,演GeGe ：#黑龙江科大#女主好像自杀了？这种事情学校不查查？谁把监控放出来的？[费解],2021-05-26 19:01:23
451,我不上岸谁上...,假快乐爱好者,"#黑科技##女主自杀#
这个吃这个瓜确实前所未有的………一言难尽。
不论对错与否、致敬生命吧。
🙏🙏🙏🙏",2021-05-27 16:31:01
452,Epiphappy,中二系少女豆瓣酱,,2021-05-26 20:35:25
453,凡小星,开心第一位,黑龙江科大 听说女主跳楼了 .......,2021-05-26 19:38:59
454,EDM丶Young,singsnh48,被举报人删除了被举报信息, 
455,吃栗子的狛希,皮蛋solo粥___,#黑科技# 这事真挺难过的 难道不应该保护女生么 不知道那些做表情包的人是怎么想的 一个跳楼一个被开除 这结局真的如你们所愿了么,2021-05-26 16:37:34
456,窀穸窀穸,烛火之光ii,#黑龙江科大# 唉，听说了这件事感觉挺难受的，有说视频中男女主角并不是一对，这让女主现男友以后怎么抬头做人？事后被发现女主跳楼自杀，好在救回来了，这俩人也不想想会不会暴露，摄像头都看了几眼也不在乎，常在河边走，哪有不湿鞋。哦对了，有说视频12分08秒的，我怎么是12分04秒呢？？,2021-05-26 19:48:49
457,浸聆,illoilll,b站陈睿去世了？真的假的？,2021-05-22 17:08:09
458,杜建国微博,我真的是潜力股啊,黑人挑衅中国武警被ko 我真的是潜力股啊的微博视频,2021-05-22 19:26:26
459,咦亚嘿,拍案正法,大连突发事件，司機是89年生人，男性。司機毒駕撞人后逃逸，已被抓，大約10人遇難，具體等待警方通報。司机已被控制 网页链接,2021-05-22 13:23:41
460,今年也还是爱...,我是个香蕉吗,#南京警方通报男子驾车撞人并持刀捅人#👂！？,2021-05-30 01:48:12
461,嘎嘎嘎飞飞飞,孤拗的老愤青,被举报人删除了被举报信息, 
462,龘靐灥厵,本帮-,被举报人删除了被举报信息, 
463,5821190868,旅行图志,旅行图志 ：#海港3比0大连人# 大连新增4例本土无症状感染者#今日热门# http://t.cn/A6VGo5Fa,2021-05-19 06:20:56
464,琪之小姐,笑趴了,笑趴了 ：#海港3比0大连人#辽宁大连市新增4例本土无症状感染者 均为港口从事冷链货物搬运人员#今日热门# http://t.cn/A6VGPIf4,2021-05-18 21:37:14
465,打脸黑历史打...,张平特拉维夫,张平特拉维夫 ：图一是哈马斯财政部长Abd Al Aziz Al Khaldi的海滨豪宅（你觉得援助巴勒斯坦的钱都去了哪儿？），图二是以色列拆迁大队这两天去拜访了一下以后的情况。 http://t...,2021-05-17 19:18:57
466,用户6420919780,小二看剧,#国家卫健委已派出工作组赴辽宁#国家卫健委派出工作组赶赴大连大连本次聚集性疫情已累计报告19例确诊病例#今日热门# 小二看剧的微博视频,2021-05-17 23:43:23
467,鸡腿多吃,看剧时间,看剧时间 ：#海港3比0大连人#大连新增4例本土新冠无症状感染者，均为港口冷链货物搬运工#今日热门# http://t.cn/A6VbPKkt,2021-05-18 01:15:06
468,不可思不可见...,方文藝術空間,方文藝術空間 ：杭州動物園跑出去的第三只豹子在转塘被捕，被十几只猎狗咬得半死！转塘离六和塔只有七丶八公里。 http://t.cn/A6VUbQPS,2021-05-16 19:33:43
469,hyogoooo,用户晓舟,第三只豹子在转塘被捕，被十几只猎狗咬得半死！转塘离六和塔只有七丶八公里。 用户晓舟的微博视频,2021-05-14 11:32:08
470,东方廷钗,谷岳,最近黄山的摩友注意啊，幸亏我没去，多危险啊！………不过越想越觉得黄山公安局无意中给她们打了个广告,2021-05-13 16:34:36
471,前程无忧51job,stage1st宅社区,被举报人删除了被举报信息, 
472,认真清醒,handanlu,搜救还是捕猎？狗没咬豹子？@凯雷 @杭州网 @何光伟v @都市快报 @凤凰新闻客户端 @凤凰网 handanlu的微博视频,2021-05-11 15:27:53
473,全体非会员,乔木DC,川普总统又露面了。瓜众哼唱着酒干倘卖无：多么熟悉的身影，陪我多少年风和雨，从来不需要想起，永远也不会忘记。,2021-05-09 07:55:06
474,6048847345,贵州榜哥,"#印度警民街头混战#
印度是个很奇葩的国度，人口数量仅次于我国，国土面积排世界第七……印度的火车竟然能买“挂票”？ 贵州榜哥的微博视频",2021-05-09 12:30:52
475,芥茉Forever2,小七幽默,这是真的吗？ 小七幽默的微博视频,2021-05-08 09:45:55
476,网信尚义,小多多emm,被举报人删除了被举报信息, 
477,不自在极意功,吃甜皮鸭的土拨鼠,被举报人删除了被举报信息, 
478,1198老苏,老黄论天下,老黄论天下 ：真没想到，这一切还会卷土重来！ #历史[超话]#,2021-05-07 00:43:16
479,落归聚任,飞鹏319,潍坊风筝节，大人没有看好孩子，风筝尾巴没有成人管理，小孩脖子缠住上拉上天了，颈椎断了，活不了了。 飞鹏319的微博视频,2021-05-07 11:02:48
480,Jesonmam,雪儿ing1,#大连劳动公园车祸#酒驾毒驾？ 雪儿ing1的微博视频,2021-05-22 13:18:38
481,5863912551,蠢猪的核弹已命中,蠢猪的核弹已命中 ：我发表了头条文章:《头条文章001》 http://t.cn/A6cQDXn7,2021-04-27 16:50:16
482,5863912551,蠢猪的核弹已命中,蠢猪的核弹已命中 ：啦啦啦啦啦啦啦啦阿罗拉啦啊啦啦啦[吐][吐][吐][吐][吐],2021-04-22 11:27:10
483,5863912551,蠢猪的核弹已命中,蠢猪的核弹已命中 ：http://t.cn/A6cQDocL 22,2021-04-27 16:51:24
484,AKA隽豪,精分总监,精分总监 ：五一的泰山，这是去人体按摩的吧 http://t.cn/A6c3tD11,2021-05-02 13:30:35
485,风fun道,我爱我的国528...,我爱我的国528我爱我的家 ：不爱请别伤害，更何况这是在工作的工作犬 #中国正能量# http://t.cn/A6cmnZyM,2021-05-02 09:47:06
486,风fun道,中国正能量,中国正能量 ：不爱请别伤害，更何况这是在工作的工作犬 #中国正能量# http://t.cn/A6cEwAVi,2021-04-29 08:01:36
487,风fun道,每日一善工作室,每日一善工作室 ：#每日一善# 不爱请别伤害，更何况这是在工作的工作犬 #中国正能量# http://t.cn/A6cEwAVi,2021-04-29 13:54:00
488,风fun道,中原-老张,中原-老张 ：不爱请别伤害，更何况这是在工作的工作犬 #善待动物的倡行者# http://t.cn/A6cEwAVi http://weibo.com/u/7509646499,2021-04-29 08:15:46
489,风fun道,帝哥说事儿,帝哥说事儿 ：不爱请别伤害，更何况这是在工作的工作犬 http://t.cn/A6c6resm,2021-04-15 16:46:03
490,风fun道,暴哥猛料,暴哥猛料 ：不爱请别伤害，更何况这是在工作的工作犬 ！他们是最忠诚的执行者[二哈] http://t.cn/A6caRybe,2021-04-16 23:03:09
491,风fun道,中国正能量,中国正能量 ：不爱请别伤害，更何况这是在工作的工作犬 #中国正能量# http://t.cn/A6cm7fHo,2021-04-30 20:01:36
492,邓十Ah,人民正能量,人民正能量 ：不爱请别伤害，更何况这是在工作的工作犬 #中国正能量# http://t.cn/A6cmnZyM,2021-05-01 09:01:51
493,Helloworldsq,叨叨那些事鸭,叨叨那些事鸭 ：盐工的瓜，这也太夸张吓人了吧[衰][衰],2021-04-26 13:12:40
494,终将逝去但留于心,云雷土泡,外网流传的一段印度街头的视频…… 云雷土炮的微博视频,2021-04-26 14:10:34
495,王白先生字飞雪,侯宁,"印度：街头疫情一览无余

#印度新冠疫情全面失控# 侯宁的微博视频",2021-04-26 23:47:48
496,语重心长跟你港,果儿说币,娱捕手 ：东航空姐的瓜，尺度太大，有钱人的生活我无法想象[二哈][二哈][二哈],2021-04-22 16:08:41
497,万里赖杨,荆楚公子,被举报人删除了被举报信息, 
498,芋圆w丸子,当红炸子鸡小陈,被举报人删除了被举报信息, 
499,风fun道,飞行视角,据说南宁普罗旺斯有学生拿着砍刀抢劫金店 飞行视角的微博视频,2021-04-21 15:33:13
500,银城小强,李不白的微博,李不白的微博 ：网传陕西西安一的哥在车内猝死。 随后，交警闻讯后及时赶及时赶到事发现场，给出租车贴上了违停罚单…… 视频里有语音，自行判断。 http://t.cn/A6c3aqQP,2021-05-02 17:03:36
501,自言自语2015,真littley,被举报人删除了被举报信息, 
502,人生cd中,董郎行,董郎行 ：中方强烈抗议拒绝购买沙特20美元一桶石油! 沙特拒绝2家中企要求后，中石化决定报复：4月后不再从沙特进口更多原油 沙特恶意降价20美元一桶，我方必须强烈抗议.... 查看全文,2021-04-18 08:56:34
503,缺钱君,谦卑侯爷,被举报人删除了被举报信息, 
504,用户6383489148,逍遥一笑君,因为送避孕套迟到八分钟导致意外怀孕，砀山女子把外卖小哥告上法庭，要求赔偿各项损失共计三万余元…… 醉笑江湖自逍遥的微博视频,2021-04-14 13:28:07
505,用户6383489148,精心视频,因为送避孕套迟到八分钟导致意外怀孕，砀山女子把外卖小哥告上法庭，要求赔偿各项损失共计三万余元……难人 #走心视频# 精心视频的微博视频,2021-04-14 12:45:16
506,夏季小朋友,影视趣闻君,影视趣闻君 ：#江苏大学开除遣送多名留学生#江苏徐州：一高校国际学院多名留学生吸毒被遣返回国#今日热门# http://t.cn/A6cUR7yh,2021-04-04 10:13:44
507,格尔必齐河畔...,破折号,破折号 ：#青岛1人阳性：由南京坐高铁返青#疫情最新通报：青岛出现本土阳性，山西2例无症状感染者转确诊#今日热门# http://t.cn/A6cMHrir,2021-04-12 18:10:35
508,格尔必齐河畔...,破折号,破折号 ：#青岛1人阳性：由南京坐高铁返青#冷链样本51份检出阳性！青岛再现感染者，盘点疫情后续#今日热门# http://t.cn/A6cMRM9I,2021-04-12 19:00:36
509,一只开耳呦,翕玺裼隰氣蟋粞,太原理工大学老师放错视频，路子野 顺势改为性教育课挺好,2021-04-12 23:18:21
510,快快去学习啦,木琰拓哉,"#太原理工大学老师# 🐮🍺上课放错视频
哈哈哈哈嗝
这老师品味还不错",2021-04-12 20:53:51
511,风fun道,好笑短视频,"4月7日，网传长沙一民警街头过肩摔女子…？来看看，这才是真相！

#视频制作人出道计划# #剧情制作人计划# 好笑短视频的微博视频",2021-04-09 00:36:30
512,风fun道,陕西知名正能量,网传长沙民警街头过肩摔女子 陕西知名正能量的微博视频,2021-04-09 07:10:43
513,风fun道,鹧鸪山鹧鸪鸟,豫见范水湖畔 ：4月7日，网传长沙一民警街头过肩摔女子…？来看看，这才是真相！ http://t.cn/A6ccZATX,2021-04-09 09:33:42
514,风fun道,搞笑秃头酱,"0:09
268次观看",2021-04-09 09:11:19
515,彼世界最后的勇者,惠大夫在江湖,,2021-04-01 12:25:30
516,征心心理杨大大,来自冰雪王国...,"0:29
4285次观看",2021-04-01 11:52:05
517,President1010,朵朵云sha,朵朵云sha ：四月一日，从此再无愚人节！ 致我们可敬可爱的消防员们！💐💐💐 岁月静好，只因有人负重前行！💐💐💐,2021-04-01 19:42:40
518,佳朢-Lin,峯華雪月,中国再无愚人节，4.1号消防战士节日！！！ 网页链接 峯華雪月的微博视频,2021-04-01 14:04:40
519,风fun道,唯美情经典语录,中国再无愚人节，中国将每年4月1日定于消防英雄纪念日，这天停止一切娱乐活动！一起悼念为祖国为人民牺牲的英雄们，把这种永垂不朽的精神永远传承下去。#唯美情经典语录# 唯美情经典语录的微博视频,2021-04-01 16:25:35
520,微博股票,投资顾问张宏雷,投资顾问张宏雷 ：4月21日，中国人民银行、中国银行保险监督管理委员会联合发布公告，鉴于民生银行股份有限公司出现严重信用风险，为保护存款人和其他客户合法权益，依照《中华...,2021-04-21 13:27:53
521,风fun道,不期而遇的莹,不期而遇的莹 ：中国再无愚人节，中国将每年4月1日定于消防英雄纪念日，这天停止一切娱乐活动！一起悼念为祖国为人民牺牲的英雄们，悼念他不朽的精神。 ##快手# @快手 http://t....,2021-03-24 15:32:48
522,风fun道,小林姐姐Q,"博君一肖超话
中国再无愚人节，中国将每年4月1日定于消防英雄纪念日，一起悼念为祖国为人民牺牲的英雄们，悼念他不朽的精神…",2021-04-01 10:30:15
523,风fun道,沐沐8-5Love10-5,“@中国消防 4月1日消防英雄纪念日，这天停止一切娱乐活动！一起悼念为祖国为人民牺牲的英雄们，悼念他不朽的精神。致敬英雄[合十][合十],2021-04-01 10:26:51
524,风fun道,青衫放歌须纵酒,青衫放歌须纵酒 ：号外号外： 中国再无愚人节，中国将每年4月1日定于消防英雄纪念日，这天停止一切娱乐活动！ 一起悼念为祖国为人民牺牲的英雄们，悼念他不朽的精神。 这才是我...,2021-03-31 12:29:52
525,风fun道,赵小芳95276,"🍀 🍀 中国再无愚人节，中国将每年4月1日定于消防英雄纪念日，这天停止一切娱乐活动！
一起悼念为祖国为人民牺牲的英雄们，悼念他不朽的精神。 绿洲",2021-04-01 09:29:02
526,风fun道,邓州七里河,邓州七里河 ：中国再无愚人节，中国将每年4月1日定于消防英雄纪念日，这天停止一切娱乐活动！一起悼念为祖国为人民牺牲的英雄们，悼念他不朽的精神。 ##快手# @快手 http://t.c...,2021-03-24 15:34:05
527,风fun道,施茶姑娘_651,施茶姑娘_651 ：中国再无愚人节，中国将每年4月1日定于消防英雄纪念日，这天停止一切娱乐活动！一起悼念为祖国为人民牺牲的英雄们，悼念他不朽的精神。 ##快手# @快手 http://t.c...,2021-03-24 15:31:45
528,风fun道,晨羽予,中国再无愚人节，中国将每年4月1日定于消防英雄纪念日，这天停止一切娱乐活动！一起悼念为祖国为人民牺牲的英雄们，悼念他不朽的精神。 ##快手# @快手 吉林市松江客运的快手视频,2021-03-24 15:33:27
529,57番茄你个西...,久之网,被举报人删除了被举报信息, 
530,用户7452336025,AOMIJA,发布了头条文章：《4月1日，中国从此再无愚人节，只有消防英雄纪念日！》,2021-03-25 10:25:41
531,DoULikeVan游戏,北京法律民工,北京法律民工 ：棉花的故事,2021-03-28 15:42:55
532,ERERET123,永生阳光,新冠疫苗接种 永生阳光的微博视频,2021-03-27 00:53:26
533,5614308205,黄濑濑濑濑,被举报人删除了被举报信息, 
534,Hlinx9,setube,有网友把买的#耐克#全部烧了！ setube的微博视频,2021-03-25 09:21:02
535,_姜楠_,江丄孤舟,被举报人删除了被举报信息, 
536,我是bia,跑不动先生,"耐克抵制新疆是自己作死，伤害了中国人民的感情，但是这样聚集在耐克门口“国骂”真的合适吗？#不要为难打工人#

而且视频里还有人穿着耐克的衣服 跑不动先生的微博视频",2021-03-25 16:22:43
537,煎蛋姬_Laurant,·__幼儿园扛把子,·__幼儿园扛把子 ：目前已知明确抵制新疆棉花的公司/品牌： 优衣库、无印良品、索尼、H&amp;M、耐克、阿迪达斯、鳄鱼等……以后看见谁穿试试。尽量不要出现在我面，抵制日货 http:... 查看全文,2021-03-25 02:39:44
538,1991SQ,细思极恐的怪谈,细思极恐的怪谈 ：抵制 #耐克# http://t.cn/EPZv0rW,2021-03-25 11:29:58
539,notedious,林登万大人,人民的怒火 林登万大人的微博视频,2021-03-25 13:19:20
540,风fun道,海上花开_zc,,2021-04-01 13:16:14
541,中国足球报道,英超情报社,英超情报社 ：#耐克##国足续约耐克# 耐克抵制新疆棉，转头国足就在今天续约？,2021-03-25 09:08:13
542,豪横的南蛮王,LMF169李嘉图,"本来砍人的凶手杀完人应该紧张的睡不着，现在做梦都可以被自己学校的一顿操作笑醒了。如果我是想杀人的凶手那我应该会更加兴奋
毕竟我盯梢杀人下手快狠准 在楼道的监控盲区 我就是想让他死 而且事后眼睁睁看他躺在地上一个多小时没人管他 事后还有学校替我做公关撤热搜顺带着帮我擦屁股安慰受害人家 ...展开",2021-03-24 11:42:32
543,爱化学的嘟嘟,多肉苹果,被举报人删除了被举报信息, 
544,DL95483,多肉苹果,被举报人删除了被举报信息, 
545,6998067759,想拥有柯基的薏米,被举报人删除了被举报信息, 
546,是边夫人啊,踩星星的喵喵,被举报人删除了被举报信息, 
547,老提莫蹲草,六味帝,"0:13
8591次观看",2021-03-01 08:49:55
548,你是我心头的...,叛逆行为艺术,¿？,2021-03-15 17:08:32
549,佳明嗯,王者红广,"求转 帮帮忙吧

本人何伟在新农贸做龙虾，电话：13972170176，今天上午的5岁儿子在双语幼儿园附近被人拐走了，儿子能说出他爸爸的手机号码 从监控上看是被一个三十多岁女人抱走了现我们家老奶奶都急疯了 有知情者请告之 万分感谢 看到信息的兄弟姐妹留意一下 联系人 何伟，电话：13972170176，如果 ...展开",2021-03-12 19:39:31
550,7514840504,燕赵河北新鲜事,我发表了头条文章:《晒晒河北省曲周县依庄乡多个村庄人居住环境》,2021-03-07 20:39:19
551,7514840504,云冰山破绽洞,我发表了头条文章:《晒晒河北省曲周县依庄乡多个村庄人居住环境》,2021-03-08 09:58:09
552,7514840504,向往醉梅的生火,我发表了头条文章:《晒晒河北省曲周县依庄乡多个村庄人居住环境》,2021-03-08 09:54:43
553,7514840504,媒介中视,"河北省曲周县依庄乡多个村庄生活垃圾无人管

晒晒河北省曲周县依庄乡多个村庄人居住环境

改善农村人居环境，是实施乡村振兴战略的一项重要任务，事关全面建成小康社会，事关广大农民根本福祉。2021年两会政府工作报告说：“继续打好蓝天、碧水、净土保卫战，完成污染防治攻坚战阶段性目标任务。”

为 ...展开",2021-03-08 00:48:45
554,7514840504,弟弟放假了,我发表了头条文章:《晒晒河北省曲周县依庄乡多个村庄人居住环境》,2021-03-08 09:56:29
555,7514840504,河北瞭望,河北瞭望 ：河北省曲周县依庄乡多个村庄生活垃圾无人管 晒晒河北省曲周县依庄乡多个村庄人居住环境 改善农村人居环境，是实施乡村振兴战略的一项重要任务，事关全面建成小康...,2021-03-07 22:26:34
556,7514840504,村里那点事789,我发表了头条文章:《晒晒河北省曲周县依庄乡多个村庄人居住环境》,2021-03-08 08:10:35
557,in冀,媒观,"晒晒河北省曲周县依庄乡多个村庄人居住环境

改善农村人居环境，是实施乡村振兴战略的一项重要任务，事关全面建成小康社会，事关广大农民根本福祉。20121年两会政府工作报告说：“继续打好蓝天、碧水、净土保卫战，完成污染防治攻坚战阶段性目标任务。
为改善农村居人住环境的脏乱差，曲周县城市管理和 ...展开",2021-03-09 16:35:53
558,没你吃的可爱多,断舍离gzgy,"国家为什么突然成立中医委？是从上次病毒和这次病毒治愈效果才决定。

武汉新冠状病毒中西医分组治疗实验结果对比出来了，西医再次惨败！
中西医分组治疗人数：
中医：320
西医：320
最终死亡病人：
中医：0
西医：113
死亡率：
中医：0：
西医：35.3%
痊愈时间：
中医：平均7天
西医：20天了还在治疗 ...展开",2021-03-02 13:58:44
559,没你吃的可爱多,微海石头,"国家为什么突然成立中医委？是从上次病毒和这次病毒治愈效果才决定。

武汉新冠状病毒中西医分组治疗实验结果对比出来了，西医再次惨败！
中西医分组治疗人数：
中医：320
西医：320
最终死亡病人：
中医：0
西医：113
死亡率：
中医：0：
西医：35.3%
痊愈时间：
中医：平均7天
西医：20天了还在治疗 ...展开",2021-03-01 21:32:20
560,威_Dream1516,饭圈杂谈,"耐克都被挂了一夜了装死的阿迪达斯才被想起来。

王一博被黑粉拉出来问了几万遍有没有解约，却没有人记得国足和耐克刚续了十年。",2021-03-25 11:06:01
561,翼德z,台州老朱,"国家为什么突然成立中医委？是从上次病毒和这次病毒治愈效果才决定。
武汉新冠状病毒中西医分组治疗实验结果对比出来了，西医再次惨败！
中西医分组治疗人数：
中医：320
西医：320
最终死亡病人：
中医：0
西医：113
死亡率：
中医：0：
西医：35.3%
痊愈时间：
中医：平均7天
西医：20天了还在治疗。 ...展开",2021-03-01 10:45:07
562,发誓再也不吃宵夜,荆楚公子,荆楚公子 ：#助学# 今天心情有点沉重，资助了4年的学生，竟然把我拉黑了。 过年后她准备出来广州找工作，给我发了一条消息。我想她都已经毕业了，于是委婉地表示了拒绝。毕竟...,2021-02-28 16:34:36
563,快乐的养基,悬壶问茶,悬壶问茶 ：退休年龄公布，快看看你哪年退休？,2021-02-27 22:27:17
564,芽儿浅-重生之...,一畔孤鸿,一畔孤鸿 ：你外语学的不好也许是有原因的[允悲],2021-02-23 18:09:57
565,芽儿浅-重生之...,暗夜明亮,我觉得自己离学好英语就差这么一位女外教！ 暗夜明亮的微博视频,2021-02-22 19:53:08
566,芽儿浅-重生之...,均值回复,广州一外教女教师上门辅导英语，猥亵多名学生，她跟学生约定，如果成绩有进步，就奖励做一次。家长在家里监控调出，跟自己孩子在客厅，上演现实版殴美爱情动作片。网友说我要有这样的英语老师，我现在英语都过八级了！,2021-02-23 10:06:44
567,姝如,魏斯基楼市分析,"广州的英语外教太香了……
我要有这样的英语老师，直接托福雅思满分！
李老师，我们需要你",2021-02-23 18:40:38
568,姝如,那遁去的一gy,《广州一外教女教师上门辅导，猥亵多名学生，上演现实版爱情动作片。》此视频已有101万人围观，快来加入！网页链接 漏洞,2021-02-23 19:37:21
569,姝如,慕容·劉,慕容·劉 ：广州外教女教师上门辅导，猥亵多名学生遭辞退&gt;&gt;http://t.cn/A6tJEwxI 广州外教女教师上门辅导，猥亵多名学生遭辞退,2021-02-24 02:51:05
570,姝如,骄阳·日月谈,焦微豫 ：#焦点坊谈[超话]#【英国女外教与多名未成年学生发生性关系，该如何定性？】 近日在广州，一名来自英国的女外教李老师，她的主要工作就是上门辅导学生外语，收费昂贵...,2021-02-23 16:46:05
571,姝如,电影票房每日粗报,电影票房每日粗报 ：教育乱像：真是奇葩啊。广州一外教女教师上门辅导，猥亵多名学生... 李老师（化名）是一名来自英国的外教老师，工作主要是做家教，上门辅导初中生和高中生...,2021-02-23 17:24:46
572,姝如,天津房产神童戴维,"今天传出来广州一个英国女外教，跟十几个学生发生性关系。然后被辞职赶出中国了
恋童癖在欧美是重罪啊！在中国好像更多是道德谴责！
中国不应该成为恋童癖的乐园。每次看到这种新闻，跟未成年人发生性关系。无论是老师还是长辈好像都逍遥法外。这让中国成为事实上的恋童癖的乐园。家长往往觉得丢人，连 ...展开",2021-02-23 19:31:08
573,姝如,mj微风,mj微风 ：台媒说广州那个诱导学生的英国女外教才29岁，台湾网友表示羡慕嫉妒恨…[doge][doge][doge] #广州##台湾##微风看世界#,2021-02-25 11:48:24
574,姝如,老张鉴股,广州一外教女教师上门辅导英语，猥亵多名学生，她跟学生约定，如果成绩有进步，就奖励做一次。家长在家里监控调出，跟自己孩子在客厅，上演现实版殴美爱情动作片。网友说我要有这样的英语老师，我现在英语都过八级了！#基金暴跌年轻人为什么躲不过被割#,2021-02-23 15:43:47
575,姝如,天涯投资客,"广州一外教女教师上门辅导英语，猥亵多名学生，她跟学生约定，如果成绩有进步，就奖励做一次。家长在家里监控调出，跟自己孩子在客厅，上演现实版殴美爱情动作片。网友说我要有这样的英语老师，我现在英语都过八级了！

#突袭手时评# 突袭手的微博视频",2021-02-23 15:15:27
576,姝如,沸如鱼目,"0:18
5180次观看",2021-02-23 14:55:14
577,姝如,花家地书生,"广州贵族学校外教老师学生客厅上演 #欧美爱情动作片#
该老师被学校开除，目前已回到英国",2021-02-23 14:56:03
578,姝如,茉盏ND8974,"大千世界，无奇不有。

广州一外教女教师上门辅导，猥亵多名学生，上演现实版爱情动作片。

…因为这位李老师与学生有个见不得人的约定，只要学习成绩上升的快，就可以获得与老师做一次的机会，当晚，二人先是把当天的课程都学完，因为家中没人，二人便放肆的来到了客厅的沙发上，上演了一段“欧美爱情 ...展开",2021-02-25 13:46:14
579,热恋自驾游,北京人纪事,#北京观察# 广州一外教女教师上门辅导英语，猥亵多名学生，她跟学生约定，如果成绩有进步，就奖励做一次。家长在家里监控调出，跟自己孩子在客厅，上演现实版殴美爱情动作片。网友说我要有这样的英语老师，我现在英语都过八级了！文：突袭手 突袭手的微博视频,2021-02-23 15:53:35
580,只想当个辣妹,吖吖时是,被举报人删除了被举报信息, 
581,姝如,视频君Sir,视频君Sir ：广州一外教女教师上门辅导英语，猥亵多名学生，她跟学生约定，如果成绩有进步，就奖励做一次。家长在家里监控调出，跟自己孩子在客厅… http://t.cn/A6tJFkLh,2021-02-24 12:57:46
582,无事可乐趣,弹药补给君,被举报人删除了被举报信息, 
583,逢托洛夫斯基,梁无咎,被举报人删除了被举报信息, 
584,姝如,道叔bot,道叔bot ：广州一外教女教师上门辅导英语，猥亵多名学生，她跟学生约定，如果成绩有进步，就奖励做一次。？？？？？#戏精#,2021-02-23 12:01:27
585,姝如,投个票,投个票 ：【广州一名来自英国的女外教上门辅导并猥亵多名男学生：英语考得好奖励发生关系！】 近日，广州一名来自英国的外教李老师，工作主要是做家教，上门辅导初中生和高中...,2021-02-24 17:27:49
586,姝如,唐伯虎不点秋香,唐伯虎不点秋香 ：真是奇葩啊。广州一外教女教师上门辅导，猥亵多名学生... 李老师（化名）是一名来自英国的外教老师，工作主要是做家教，上门辅导初中生和高中生英语，收费昂...,2021-02-23 16:40:36
587,姝如,银星8813,##以讹传讹，是否夸张，疑似辅导，误人子女。### 广州某校一英国女外教上门辅导英语，跟男学生约定，如果成绩好就奖励做X一次。还猥亵多名学生，监控拍下了这名女外教与学生在客厅上演激情动作片…[二哈]#奇趣视频# 快乐微博维克多的微博视频,2021-02-25 10:54:18
588,姝如,财神无敌,广州某校一英国女外教上门辅导英语，跟男学生约定，如果成绩好就奖励做X一次。还猥亵多名学生，监控拍下了这名女外教与学生在客厅上演激情动作片… 快乐微博维克多的微博视频,2021-02-24 16:16:28
589,姝如,老色批bo,广州一外教女教师上门辅导英语，猥亵多名学生，她跟学生约定，如果成绩有进步，就奖励做一次。家长在家里监控调出，跟自己孩子在客厅… 怎么会发生这种事 老色批bo的微博视频,2021-02-24 13:40:13
590,姝如,银星8813,##以讹传讹，是否夸张，疑似辅导，误人子女。### 广州某校一英国女外教上门辅导英语，跟男学生约定，如果成绩好就奖励做X一次。还猥亵多名学生，监控拍下了这名女外教与学生在客厅上演激情动作片…[二哈]#奇趣视频# 快乐微博维克多的微博视频,2021-02-24 11:33:33
591,姝如,学姐好酷,广州一外教女教师上门辅导英语，猥亵多名学生，她跟学生约定，如果成绩有进步，就奖励做一次。家长在家里监控调出，跟自己孩子在客厅… 学姐好胸的微博视频,2021-02-24 10:28:21
592,姝如,绅士的日常,绅士的日常 ：广州一外教女教师上门辅导英语，猥亵多名学生，她跟学生约定，如果成绩有进步，就奖励做一次。家长在家里监控调出，跟自己孩子在客厅，上演现实版殴美爱情动作片…...,2021-02-23 14:20:09
593,姝如,青岛青年深蓝,"广州一外教女教师上门辅导英语，猥亵多名学生，她跟学生约定，如果成绩有进步，就奖励做一次。家长在家里监控调出，跟自己孩子在客厅，上演现实版殴美爱情动作片。网友说我要有这样的英语老师，我现在英语都过八级了！
突袭手的微博视频",2021-02-23 15:31:41
594,姝如,敦化大德,广州一外教女教师上门辅导英语，她跟学生约定，如果成绩有进步，就奖励做一次。家长在家里监控调出，跟自己孩子在客厅，上演现实版殴美爱情动作片。 敦化大德的微博视频,2021-02-23 14:24:02
595,江城小鲨,女作手,广州一外教女教师上门辅导英语，猥亵多名学生，她跟学生约定，如果成绩有进步，就奖励做一次。家长在家里监控调出，跟自己孩子在客厅，上演现实版殴美爱情动作片。网友说我要有这样的英语老师，我现在英语都过八级了！ 股票女作手的微博视频,2021-02-23 15:21:01
596,竹忆空,突袭手,被举报人删除了被举报信息, 
597,姝如,污盟主,英国女子任广州某校英语外教，上门辅导英语，猥亵多名学生，她跟学生约定，如果成绩有进步，就奖励做一次。家长在家里监控调出，跟自己孩子在客厅… 污盟主的微博视频,2021-02-23 18:27:37
598,姝如,宅萌秀,广州一外教女教师上门辅导英语，猥亵多名学生，她跟学生约定，如果成绩有进步，就奖励做一次。家长在家里监控调出，跟自己孩子在客厅… 宅萌秀的微博视频,2021-02-24 22:50:03
599,姝如,搞笑码哥,广州一外教女教师上门辅导英语，猥亵多名学生，她跟学生约定，如果成绩有进步，就奖励做一次 搞笑码哥的微博视频,2021-02-24 22:43:03
600,姝如,绅士的日常,绅士的日常 ：广州一外教女教师上门辅导英语，猥亵多名学生，她跟学生约定，如果成绩有进步，就奖励做一次。家长在家里监控调出，跟自己孩子在客厅… http://t.cn/A6tiRLfw,2021-02-24 22:48:59
601,姝如,上海滩蚂蚁哥,被举报人删除了被举报信息, 
602,姝如,蹴鞠故事会,网易新闻：广州某英语外教与学生约定“成绩好奖励做一次”，后被家长发现，无人愿上诉……女子目前已返回英国,2021-02-24 21:20:39
603,今儿摇号您中...,快乐微博维克多,广州某校一英国女外教上门辅导英语，跟男学生约定，如果成绩好就奖励做X一次。还猥亵多名学生，监控拍下了这名女外教与学生在客厅上演激情动作片…#奇趣视频# 快乐微博维克多的微博视频,2021-02-23 15:57:35
604,芽儿浅-重生之...,妖丨魔双城记,,2021-02-24 20:44:53
605,MU_永远,欢乐研究员,广州一外教女教师上门辅导英语，猥亵多名学生，她跟学生约定，如果成绩有进步，就奖励做一次。家长在家里监控调出，跟自己孩子在客厅… 关爱智障少女的微博视频,2021-02-24 13:07:32
606,乌鸦船长的航...,财小哞,"网传广州一个学校的女外教猥亵数名男同学，跟男同学承诺只要成绩进步就能跟她嘿嘿嘿一次……

在猥亵了5名男同学之后，终于被某学生家长发现，该家长表示自己通过家庭监控发现孩子和老师正在客厅行那苟且之事，愤而告到学校，由于无人愿意上诉，女外教被开除后已经返回英国。

平时在爱情动作片里才能 ...展开",2021-02-23 16:15:21
607,CerryWong,搞笑二婶,"惊险！游客蹦极失误倒吊半空中，网友：最担心的事情还是发生了… 反正我是不敢玩的

#幽默搞笑##搞笑不寻常# 搞笑二婶的微博视频",2021-02-21 10:20:34
608,隔壁那货哟,用户5884562273,【#你好，明天#】新疆喀什地区疏附县新增137例无症状感染者，让人心头一惊。这一事实再次说明，局部暴发疫情的风险仍然存在。面对新状况，不能乱了阵脚慌了神，也不能掉以轻心慢三拍。从流调到核酸检测，从联合作战到启动一级响应，应对越周全效果越明显。迎击疫情，克敌制胜，千万莫疏忽！ ?,2021-02-18 06:47:00
609,毕节大V,雪白思绎笔直,#财经#【贵州威宁一煤矿发生事故 已致5人遇难20人受伤】据贵州省威宁县消息，昨天18时38分，贵州省威宁县炉山镇孔家沟煤矿发生疑似瓦斯燃烧事故。截至目前，事故共造成5人遇难，20人受伤。目前，现场救援已经结束，受伤人员正在接受救治，事故原因调查、善后处置工作正在进行中。贵州威宁一处煤矿发生事故 已致5死20伤,2021-02-10 06:06:03
610,天线宝宝之死,阿三记录,被举报人删除了被举报信息, 
611,test_jk_meu28...,用户5058035889,vvvvvvvvvvvvvvvvvv,2021-02-07 19:30:31
612,test_jk_meu28...,用户5058035889,用户5058035889 ：333333333333333333,2021-02-07 19:17:05
613,我也不知道怎...,年画肥娃娃,,2021-02-07 18:49:30
614,Xixi_小茜,橙熟的逗比炮,"0:15
1.6万次观看",2021-01-30 08:37:38
615,乔安娜AnnaJo,潇洒友A,牛博超话浦东合庆高科路庆利路突击建造方舱医院一周内要完工看来上海疫情形势也很严峻的，防范在先。合庆高科路庆利路那里在造方舱医院了，6天完成，已经做4天了，大家保护好自己。二集之二: #人间观察##上海疫情# 网页链接,2021-01-29 17:41:52
616,2397527924,塔罗牌佔卜,福建莆田一男子200公里时速行车，旁边还有朋友拍摄炫耀，视频最后一秒撞到横穿的摩托车，摩托车主当场身亡。 塔罗牌佔卜的微博视频,2021-01-26 10:50:49
617,test_jk_blue_...,用户xe9tyh279x,用户xe9tyh279x ：发送的发送的发送的发送的发送的发送的发送的发送的发送地方是的发送的发送地方是的发送的未12341234123,2021-01-27 12:04:05
618,test_jk_blue_...,test_jk_blue_...,test_jk_blue_138sina ：asaaaaaaaaaaaa,2021-01-26 15:38:30
619,认真清醒,西北旅游策划...,林芝旅游局官宣：2021年桃花节3月23日开幕，最佳赏花时间为3月15日至4月20日 #100个微博年度旅行地##西藏旅行##林芝桃花节# 西北旅游策划小马扎西的微博视频,2021-01-17 13:15:38
620,姝如,九龙塘右眼财迷,九龙塘右眼财迷 ：英国女子任广州某英语外教，与学生约定“成绩好奖励学生做一次”。后发现至少五名学生被猥亵，因无人愿上诉，该女子被开除后返回英国。图为疑似此人照片。网友云...,2021-02-24 12:55:19
621,SamsungGalaxy...,阿泥007,合庆在造方舱医院，就造在居民区旁边，作为住在旁边的居民很是担忧，没有解释没有公示，虽说是郊区，但是难道郊区人民就每次都受到这样的待遇吗，因为没发展，所以地铁不能造，商场不能造，就活该造污水处理厂、方舱医院、殡仪馆吗，所以合庆就是浦东的这么一个定位吗，好伤心啊！感觉合庆就是被抛弃的 ...展开,2021-01-26 19:45:52
622,本姑娘永远是少女,道意绵绵,"上海浦东方舱医院 加油💪
浦东合庆高科路庆利路突击建造方舱医院一周内要完工看来上海疫情形势也很严峻的，防范在先。合庆高科路庆利路那里在造方舱医院了，6天完成，已经做2天了，大家保护好自己。 网页链接",2021-01-27 00:14:28
623,天阳90,Yoke_Jity,York_Jity ：真的假的，虹口也沦陷了吗[泪]救命#上海虹口##上海疫情#,2021-01-22 18:01:18
624,imay531,信时尚资讯,"上海一医院确诊病例1#和3#病人，成就了2021年上海最贵的一吻💋 直到永远
这一吻整条河南中路封路
这一吻浦西仁济医院🏥 停诊
这一吻昭通路小区等二千多人做核算检测居家隔离
这一吻周边好多门面停业
这一吻要出动黄浦区三分之一警力
这一吻黄浦区被列入风险地区
这一吻吻出了世界级水平！

温馨提 ...展开",2021-01-24 13:23:45
625,房纸_,喵喵下小崽,"#江苏镇江确诊病例父亲核酸阳性#上海一吻封全城，镇江一舞乱红尘
nmlgb",2021-01-24 14:34:32
626,阿鲁巴斯要粗糙,慧兰_lan,#上海疫情#一把年纪了搞姘头 不好好在家里搞还找刺激 这下好了 一吻封上海 你们俩就是男女主角 大爷大妈们真会玩,2021-01-22 18:47:09
627,small0611,6983740149笨鳥日,新冠病毒在到达人的肺部之前，会在人的喉咙里停留4天。在这4天时间里，感染者出现咳嗽，并感到喉咙疼痛。此时此刻，感染者只要大量喝茶，喝姜枣水，并用温盐水，姜水，茶，醋漱口，就可以消除新冠病毒。这条讯息，非常重要。请转发给亲朋好友，举手之劳，犹如传送这个冬天里的温暖，广种善因，功德无量 ...展开,2021-01-18 16:14:07
628,邦邦969,洱海弥,洱海弥 ：印度卫生部长视察市场，不戴口罩直接扇耳光，现场整的跟拍段子一样。[允悲] http://t.cn/A65wLxZR,2021-01-17 19:45:40
629,次郎爸爸,肥唐说,"0:10
1.1万次观看",2021-01-14 18:20:43
630,SteveEvol,文馨88,【转帖分享】新冠病毒在到达人的肺部之前，会在人的喉咙里停留4天。在这4天时间里，感染者出现咳嗽，并感到喉咙疼痛。此时此刻，感染者只要大量喝茶，喝姜枣水，并用温盐水，姜水，茶，醋漱口，就可以消除新冠病毒。这条讯息，非常重要。请转发给亲朋好友，举手之劳，犹如传送这个冬天里的温暖，广种善 ...展开,2021-01-12 17:39:51
631,taikey,冀看点动态,被举报人删除了被举报信息, 
632,广西网警巡查执法,茶圆_,祝乐于源 ：#广西通知暂停零售发热咳嗽类药品# 不清不楚,2021-01-11 14:01:43
633,咩咩咩陈漂亮,朱元宝zhu,"这个是网友发来的，大家不妨参考一下！

新冠病毒在到达人的肺部之前，会在人的喉咙里停留4天。在这4天时间里，感染者出现咳嗽，并感到喉咙疼痛。此时此刻，感染者只要大量喝茶，并用温盐水，茶，醋漱口，就可以消除新冠病毒。这条讯息，非常重要。请转发给亲朋好友，举手之劳，犹如传送这个冬天里的温 ...展开",2021-01-11 07:54:36
634,我真的是吴彦...,张牟谋,"好像有点道理，据说酒鬼感染病毒的可能性较低
新冠病毒在到达人的肺部之前，会在人的喉咙里停留4天。在这4天时间里，感染者出现咳嗽，并感到喉咙疼痛。此时此刻，感染者只要大量喝茶，并用温盐水，茶，醋漱口，就可以消除新冠病毒。这条讯息，非常重要。请转发给亲朋好友，举手之劳，犹如传送这个冬天 ...展开",2021-01-10 16:46:21
635,ooo00000oooo,卧龙AUTO,新冠病毒在到达人的肺部之前，会在人的喉咙里停留4天。在这4天时间里，感染者出现咳嗽，并感到喉咙疼痛。此时此刻，感染者只要大量喝茶，并用温盐水，茶，醋漱口，就可以消除新冠病毒。这条讯息，非常重要。请转发给亲朋好友，举手之劳，犹如传送这个冬天里的温暖，广种善因，功德无量。,2021-01-11 09:19:07
636,JDLowLow耗子,蓝少CX,蓝少CX ：#印尼客机坠毁前画面#还好没有中国人！ http://t.cn/A6qk7HB7,2021-01-10 22:06:03
637,SPADE_0,贝叶斯Bayes,ZEALERFIX ：印尼飞机坠毁失联前乘客拍摄的客舱影像，R. I.P[蜡烛][蜡烛] http://t.cn/A6qDXvte,2021-01-10 11:25:14
638,SPADE_0,WS偏执狂,印尼飞机坠毁前机舱内的画面曝光，有人很淡定，有人崩溃大哭。 WS偏执狂的微博视频,2021-01-10 11:41:35
639,SPADE_0,户外蜀黍,"0:17
1046次观看",2021-01-10 16:02:27
640,认真清醒,稻城亚丁小扎西,"2021年的桃花节将在3月23日开幕，
最佳赏花时间为3月15日至4月15日，
第一期桃花节特别行程将于3月16日成都首发。川西a川藏a自由行超话#约伴捡人组队拼车结伴同行去旅行##川藏线超话##稻城亚丁# 稻城亚丁小扎西的微博视频",2021-01-27 13:29:20
641,SPADE_0,無耳卯的微博,"0:27
594次观看",2021-01-10 10:14:25
642,岛民崟仔,娱乐探神,#印尼官方称坠毁客机未按既定航向飞行#人在面对死亡的时候，内心有无限的畅想。有的人崩溃大哭，有的人坦然接受事实！ 娱乐探神的微博视频,2021-01-10 12:28:00
643,风fun道,搞笑三好生,"印尼飞机坠毁前机舱内的画面曝光，有人很淡定，有人崩溃大哭。

#印尼客机坠毁现场发现遇难者遗骸# #环球见闻# 搞笑三好生的微博视频",2021-01-10 12:52:49
644,李大头买不到帽子,温榆河边行路人,温榆河边行路人 ：印尼飞机✈️坠毁前 飞机内部映像 有人淡定 有人痛哭 #印尼一飞机失联# http://t.cn/A6qDXrPL,2021-01-10 11:37:59
645,风fun道,视频大队长,"印尼飞机坠毁前机舱内的画面曝光，有人很淡定，有人崩溃大哭。

#印尼客机坠毁现场发现遇难者遗骸# #环球见闻# 视频大队长的微博视频",2021-01-10 12:57:11
646,风fun道,南話,"印尼飞机坠毁前机舱内的画面曝光，有人很淡定，有人崩溃大哭。

#印尼客机坠毁现场发现遇难者遗骸# #环球见闻# 南話的微博视频",2021-01-10 12:47:51
647,风fun道,全搞笑也,"印尼飞机坠毁前机舱内的画面曝光，有人很淡定，有人崩溃大哭。

#印尼客机坠毁现场发现遇难者遗骸# #环球见闻# 全搞笑也的微博视频",2021-01-10 13:02:10
648,风fun道,幽默精,扛旗少年 ：印尼飞机坠毁前机舱内的画面曝光，有人很淡定，有人崩溃大哭。 #印尼客机坠毁现场发现遇难者遗骸# #环球见闻# http://t.cn/A6qD969n,2021-01-10 12:47:28
649,风fun道,笑葩,爱国文青 ：印尼飞机坠毁前机舱内的画面曝光，有人很淡定，有人崩溃大哭。 #印尼客机坠毁现场发现遇难者遗骸##环球见闻# http://t.cn/A6qD9JAz,2021-01-10 12:46:51
650,_易婕123,天秀少哥,#印尼客机坠毁现场发现遇难者遗骸#【载62人印尼客机坠毁：飞机坠毁前内部画面】印尼三佛齐航空公司SJ182航班波音737-500客机，从首都雅加达起飞4分钟后失联 欧洲神奇君的微博视频,2021-01-10 10:57:55
651,风fun道,来个搞笑,爱国这件事 ：印尼飞机坠毁前机舱内的画面曝光，有人很淡定，有人崩溃大哭。 #印尼客机坠毁现场发现遇难者遗骸# #环球见闻# ...,2021-01-10 13:02:11
652,曲成松,突袭手,突袭手 ：印尼坠毁客机前的画面曝光，有人崩溃大哭。[蜡烛] #印尼客机坠毁现场发现遇难者遗骸# http://t.cn/A6qDK81D,2021-01-10 12:36:45
653,Kristen可莜,美拍精美视频分享,#印尼客机坠毁现场发现遇难者遗骸##印尼飞机坠毁前舱内画面曝光# 有人崩溃大哭😭有人淡定安宁💧北京时间1月9日晚，印尼失联飞机在拉吉岛附近海域坠毁。机上有56名乘客，包括46名成人，7名儿童和3名婴儿。 #印尼交通部确认飞机坠毁# 美拍精美视频分享的微博视频,2021-01-10 12:37:06
654,风fun道,来个评论,"0:13
836次观看",2021-01-10 12:57:57
655,风fun道,搞笑沙雕,"印尼飞机坠毁前机舱内的画面曝光，有人很淡定，有人崩溃大哭。

#印尼客机坠毁现场发现遇难者遗骸# #环球见闻# 搞笑沙雕的微博视频",2021-01-10 12:57:32
656,Kristen可莜,mj微风,mj微风 ：印尼坠毁客机的小乘客登机前挥手告别的画面，及客机坠毁前最后的画面曝光。[蜡烛] #印尼交通部确认飞机坠毁##印尼客机坠毁现场发现遇难者遗骸##微风看世界# http://t....,2021-01-10 11:39:11
657,风fun道,最冷视频,爱国知青 ：印尼飞机坠毁前机舱内的画面曝光，有人很淡定，有人崩溃大哭。 #印尼客机坠毁现场发现遇难者遗骸# #环球见闻# http://t.cn/A6qD9E1h...,2021-01-10 12:52:50
658,用户2558967335,来个评论,"0:13
7540次观看",2021-01-10 12:42:49
659,RoyChoi耀華,武力统一,红茶可以消灭新冠病毒~ 网页链接,2021-01-07 20:46:38
660,SPADE_0,老张驾到啦,印尼失联飞机坠毁前的画面，跟电影里的不一样，难过！ 老张驾到啦的微博视频,2021-01-10 11:09:51
661,有钳少女,胖哥杨力,石家庄藁城区做核酸，结果一下子出来很多黑人，这是…… 胖哥杨力的微博视频,2021-01-07 10:37:13
662,红摩罗马鹿,苦行僧NEJ,"专家发现：
90%新冠病毒一分钟被茶水杀灭，99.9%新冠病毒十分钟被茶水杀灭，疫情来临，多喝茶准没错。🙏 菩提茶苑的微博视频",2021-01-07 11:47:46
663,风fun道,龙都茗茶,"✨给你一个每天喝茶🍵 的理由
专家发现90%的新冠病毒
遇见茶水一分钟就会消失。
余生，请多饮茶。
年货选茶没毛病[福][福][福] 网页链接",2021-01-07 13:30:34
664,风fun道,持明法德,,2021-01-07 14:31:32
665,风fun道,持明法德,"90%新冠病毒一分钟被茶水杀灭
99.9%新冠病毒十分钟被茶水杀灭
不管效果如何，建议大家多喝茶🍵
预防为主，健康是福[福]",2021-01-07 12:38:05
666,风fun道,诚仁婚车商务租车,"90%新冠病毒一分钟被茶水杀灭
99.9%新冠病毒十分钟被茶水杀灭
红茶☕️效果最为显著—-真的？ 网页链接",2021-01-06 19:44:33
667,风fun道,与茶人生共舞,"90%新冠病毒一分钟被茶水杀灭
99.9%新冠病毒十分钟被茶水杀灭
反正多喝茶你就对了！
买茶叶找我就更对了！ 网页链接",2021-01-06 19:31:35
668,风fun道,龙都茗茶,"✨
90%新冠病毒一分钟被茶水杀灭，
99.9%新冠病毒十分钟被茶水杀灭，
喝茶就是健康～[666][666][666]
～亲们，今天你喝茶🍵了吗？",2021-01-06 18:12:04
669,风fun道,老班章57号云...,"90%新冠病毒一分钟被茶水杀灭，
99.9%新冠病毒十分钟被茶水杀灭，

健康最重要，建议大家多喝好茶！

快来找我买茶吧 网页链接",2021-01-06 17:29:26
670,风fun道,安溪茶妹,"专家喊你：喝茶啦
90%新冠病毒一分钟被茶水杀灭，
99.9%新冠病毒十分钟被茶水杀灭，",2021-01-06 15:48:06
671,卡路之战,微观昭通,1月6日凌晨， 河北石家庄不眠夜！医务工作人员连夜为大家核酸检测。辛苦了！#白衣天使加油# 微观昭通的微博视频,2021-01-06 07:05:45
672,请叫我潘律,意在阑珊,意在阑珊 ：#新冠病毒疫苗全民免费# 就说么，不会这么简单 先让大家高兴高兴[二哈],2021-01-06 01:23:03
673,一颗大牙233,老树63,老树63 ：关于新冠疫苗接种免费的权威解释来了，并不是一分钱不花。 http://t.cn/A6q3F0BQ,2021-01-05 11:45:19
674,iron梨,素材Cooper,素材Cooper ：怪你对疫苗免费的理解过于狭隘 #关注新冠肺炎#,2021-01-05 13:22:34
675,iron梨,北京法律民工,吴革律师 ：新冠疫苗免费为公众提供：免费的概念是免费接种，但需要出成本价，大概是多少钱？几百？一千？ http://t.cn/A6q1ZZZl,2021-01-05 13:49:25
676,紫色狂想的夣,麻醉医生Anest...,被举报人删除了被举报信息, 
677,常州米高,西園樵客,能看懂吗 西園樵客的微博视频,2021-01-04 12:25:39
678,红色枫叶1089,开心吃瓜的小朋友,,2021-01-04 13:52:29
679,认真清醒,雷峰网leiphone,南京清洁工带上电子手环，休息二十分钟就触发警报。,2021-01-04 12:52:37
680,韩媛媛喵_DAYTOY,爱茶人叶子,,2021-01-06 14:46:50
681,认真清醒,愚说娱乐,八组每日播报 ：南京清洁工带上电子手环，本来用来检测生命体质的，用来监督清洁工的工作，休息二十分钟就触发警报[晕]这就有些恶心了,2021-01-04 13:03:34
682,桥头麻呆,艾玛娱乐菌,清洁工被要求佩戴电子手环，除了定位功能之外，工人们只要在原地停留20分钟以上，就会触发报警声！这是为什么？,2021-01-04 14:01:47
683,marionette_5877,就是一只三月粉,南京清洁工带上电子手环，休息二十分钟就触发警报好像本来是用来监测生命体征，怎么落实下来感觉变味儿了,2021-01-04 12:31:49
684,5890450244,心亦寒o,匿于川 ：#广东石油化工学院#这是什么鬼，据闻俩男的往女生身上泼硫酸？真的假的？,2020-12-28 21:10:44
685,安静蜗牛2633,0123456789___...,被举报人删除了被举报信息, 
686,lxk小猪,马鹏举123,"山西一公交滚下百米深谷，12人当场死亡
——公交车中途滚下百米深谷，12人当场身亡，现场满地碎片一片狼藉 网页链接",2020-12-24 14:28:32
687,奥卡姆剃刀,天使芯-保护动物,"📣📣震惊世界
坐标上海，又一起警察当街残杀走失萨摩犬，手段残忍到令人发指[发怒][发怒][发怒]
出事地点：上海浦东上浦路165弄。
时间：2020年12月11日上午。在小区内走失的萨摩耶二次遭到暴力毒打。第一次牙齿给打掉，第二次直接打死（有照片作证）

☎️投诉电话：️02112345
☎️浦东分局督察 ...展开",2020-12-11 20:09:09
688,毛毛的小企鹅喵,天津蓝天不雾霾,酷酷的LcLc ：#杭州一女生感染狂犬病脑死亡# 这就有些带节奏了，杭州这边没重男轻女那么严重。倒是批评狗乱养才是真的[怒][怒][怒] http://t.cn/A6qtiVkm,2020-12-14 21:19:38
689,李元龙0827,好女孩也流氓吖,南京禄口机场厉害了,2020-12-12 21:59:19
690,Andy下个id害...,浙江洪燕华,被举报人删除了被举报信息, 
691,午未之交,一畔孤鸿,被举报人删除了被举报信息, 
692,铁路上海站,上海交通要注意,#上海#由于受疫情影响，上海三大火车站今天的返沪客流依然不高，但疫情防控丝毫没有放松。记者在虹桥火车站采访时看到，到达旅客除逐一测温外，还必须经过健康信息登记和身份证比对查验。#防疫抗疫东方在行动 #新型冠状病毒 上海交通要注意的微博视频,2020-12-12 11:59:31
693,万寿斋大学士,傅蔚冈,被举报人删除了被举报信息, 
694,Tuk-tuk-,谭飞,谭飞 ：不会吧？我十天前从成都走，现在快到杭州了，这……,2020-12-12 11:46:50
695,朱立丰,半江湖人,被举报人删除了被举报信息, 
696,双子月色奔腾,鄢烈山,被举报人删除了被举报信息, 
697,房死磕斯基,肖恩帮,被举报人删除了被举报信息, 
698,Eason不吃辣,航旅圈,看图,2020-12-12 12:18:32
699,我划船划得贼...,大明忠臣洪承畴,山东学伴政策硕果累累，艾滋病五年成功增长百分之二百九十五点二。恭喜。@杨六郎微博VV,2020-09-01 18:45:53
700,认真清醒,醉在秦城,醉在秦城 ：南京清洁工带上电子手环，休息20分钟就触发警报。,2021-01-04 13:25:09
701,挞拔玉儿是挞...,科技刚子,"上个星期，20岁的丁真凭一己之力让全国人民都想飞来四川。
这个星期，20岁的赵茂涵凭一己之力让全国人民都把机票取消了。",2020-12-08 09:37:56
702,瓶淡er,蠢猪的核弹已命中,卷宗-不自辨,2020-12-09 11:50:53
703,番茄小寿司,秀一波神操作,不要让“遮羞网”蒙蔽了我们的双眼！如此修复山体绿化，为了什么？ 秀一波神操作的微博视频,2020-12-08 09:00:05
704,蠢猪的核弹已命中,瓶淡er,被举报人删除了被举报信息, 
705,蠢猪的核弹已命中,瓶淡er,hgcbnjgvb,2020-12-08 16:55:55
706,风fun道,可樂喝了可樂了,赵茂涵无辜吗？无辜个锤子！网传的朋友圈截图，这不就是在“钓鱼”吗？或者说是在钓凯子？还“我在想你”，虽然染上新冠不是她本意，当然没人想得新冠了！可是，成都确实是因为她和她的家人遭灾了！相比之下，其他什么也没干人，不是更无辜吗？,2020-12-08 13:08:23
707,风fun道,Oh·TrapStar,#赵茂涵# 我是🐸！🐸🐸🐸！,2020-12-08 11:02:04
708,风fun道,加个藤子老鹰爪,"#赵茂涵#秦始皇一己之力灭六国
赵公主四场酒局炸五区",2020-12-08 15:26:21
709,风fun道,时代尖兵,时代尖兵 ：#赵茂涵# 赵小姐精力旺盛，时间管理大师，成都的鸭子店都沸腾了，都变身成“客人”了 [笑cry],2020-12-08 11:11:49
710,譚同天丶天天向上,用户560055175...,被举报人删除了被举报信息, 
711,星川xc,大邦邦在这儿,被举报人删除了被举报信息, 
712,到底我是医生...,炎蝈时代,"四川成华区新增一例，系赵某亲密接触者。
患者李某，男，24岁，学生居住于高新区科华南路银泰泰悦湾，系成华区今日确诊病例赵某的密切接触者。12月8日在对酒吧赵某密切接触者的隔离检测中检出核酸阳性。经省、市、区专家会诊，综合临床、影像学表现和实验室核酸检查结果，诊断为确诊病例（普通型），已 ...展开",2020-12-08 09:26:40
713,咸鱼李小七,王媵Thomas,王媵Thomas ：#李泽帅# 近14天内，患者主要停留的场所包括:纯k、九眼桥、海雾里小酒吧、playhouse酒吧、 赫本酒吧等。[doge][doge][doge][doge][doge],2020-12-08 09:11:05
714,朝阳区陈韵如,红鼻子绿头发,东边出了个#赵茂涵# 西边出了个#李泽帅#,2020-12-08 09:06:31
715,Rayray-W,王媵Thomas,王媵Thomas ：#赵茂涵##李泽帅#近14天内，患者主要停留的场所包括:纯k、九眼桥、海雾里小酒吧、playhouse酒吧、赫本酒吧等。[doge][doge][doge][doge][doge],2020-12-08 09:11:47
716,阿希wishhh,小胖说评,被举报人删除了被举报信息, 
717,---颜松,LeeHuane,被举报人删除了被举报信息, 
718,今天和小绵说...,螃蟹猫咪,被举报人删除了被举报信息, 
719,披星戴月荷锄...,浏速湍,被举报人删除了被举报信息, 
720,名字交出来45259,割兄,#成都理工#和春熙路王炸！赵茂涵人家酒吧气氛组+酒吧订台，难道这不是正经工作？20岁已经成年了，爷爷奶奶确诊6号，人家回家看一下，吃个饭开始忙自己事，她想到自己会得新冠？,2020-12-08 15:32:39
721,7504885245,李花花要爱自己,被举报人删除了被举报信息, 
722,闪灵少年,大学问家唯一官微,被举报人删除了被举报信息, 
723,test_jk_miyou185,用户mbki34d53v,用户mbki34d53v ：test05,2020-12-07 15:19:56
724,斯莱特林的新...,tinyfool,这个我倒是相信的，我就是看新闻联播看少了,2020-12-05 15:59:17
725,李三急,鱼乐gg,鱼乐gg ：11月30日，湖北孝感网曝志愿者队伍摆拍做清洁，没想到下一秒就把垃圾扔到河里面😓 #沙雕表情包##双击666# http://t.cn/A6qvoNXz,2020-12-04 11:17:32
726,扎扎扎克里,摩羯座每日运势,摩羯座每日运势 ：#深圳新增1例新冠阳性病例#罗湖区笋岗已经开始封了，在深圳的朋友外出一定要注意啦，没事不外出在家吧[给你小心心][给你小心心][给你小心心]#深圳笋岗村确诊#,2020-12-03 13:35:13
727,_J小枫,可爱莫小鱼,#深圳疫情#深圳笋岗封了！大家要注意戴好口罩！保护好自己！,2020-12-02 21:33:04
728,11yzzzz,范嘉东EDISON,#深圳疫情# 深圳笋岗封开始进出管控。大家要注意戴好口罩！保护好自己！ 疫情还没结束，大家多加小心。网页链接,2020-12-02 21:43:27
729,岭北游客,艺术电影与经...,艺术电影与经典电影 ：川普开始收网，美国中情局局长因叛国罪被捕 http://t.cn/A6GDUAkx,2020-12-01 11:40:20
730,啸萧啸筱,慨文老师,阿塞拜疆亚美尼亚激烈交火死伤惨重，伊朗民众隔岸观火笑逐颜开 慨文轩文的微博视频,2020-11-23 13:09:23
731,Sharror,星系·,过客6001 ：#上海地铁#真的事不关己高高挂起，自己的生命都不在乎，更别说有什么正义感，真的是很气愤！终身禁止乘坐任何公共交通工具！这个社会冷漠的人太多，乘客都不去制止？...,2020-11-24 09:43:58
732,超级无敌特大...,至尊老祖,至尊老祖 ：喜大普奔！[鼓掌][鼓掌][鼓掌],2020-11-23 21:51:00
733,风fun道,胡老狮,2019年贫困人口人均纯收入9057元/月,2020-10-21 01:13:04
734,风fun道,凡尘客FK,人民日报说，2019年贫困人口人均纯收入9057元/月，拖了祖国后腿的自觉点赞哟,2020-10-20 19:55:30
735,王叡籇byron,作家零七少,"#埃塞俄比亚中国同胞安全撤离#
看过最凄美的烟花，是村里山头的枪火！ 作家零七少的微博视频",2020-11-23 07:45:57
736,Liml77777,西子丹聊斋,西子丹聊斋 ：【嫌犯已自杀！发小好友疑情杀致一家6死2失踪】11月15日，河南发生一起重大刑事案件：#河南原阳一农家6人被杀#，其中3名大人、3名儿童，另有2人失踪。[汗][汗][汗...,2020-11-17 11:37:04
737,用户6519312461,素食营养叔,香港港安医院熊妙华博士：牛奶会刺激乳腺癌细胞生长，这种说法有根据吗？ 素食营养叔的微博视频,2020-11-10 11:13:11
738,风-飘的小窝,疯狂老北京,疯狂老北京 ：[允悲][允悲][允悲]石家庄可真行！[吐][吐][吐]转自网友：河北石家庄交警，直播夜查酒驾，当时500多人在看直播。视频里这个司机自己都已经承认喝酒了，结果来了个...,2020-11-14 14:13:12
739,观海云渊,老鬼阿定,【中国式创新】@柳寒玉34: 现在都是无人机和卫星地图考核，还有为了应付考核喷油漆的，还要喷蓝色的，蓝色在卫星地图下看是绿的合格的。微观昭通的微博视频,2020-11-16 09:14:26
740,梦番地第25条...,结算时刻来临,患者4:李泽帅，男，24岁，学生居住于高新区科华南路银泰泰悦湾，系成华区今日确诊病例赵某的密切接触者。12月8日在对酒吧赵某密切接触者的隔离检测中检出核酸阳性。经省、市、区专家会诊，综合临床、影像学表现和实验室核酸检查结果，诊断为确诊病例（普通型），已转运至成都市公共卫生临床医疗中心医 ...展开,2020-12-08 09:14:25
741,鲨鸡取卵,普渡哥,普渡哥 ：今日华盛顿，50万美国民众支持川普大游行。政客们，媒体们，你们看到了吗？这才是真正的民意,2020-11-15 08:21:14
742,绰绰有卓卓,普渡哥,普渡哥 ：今日华盛顿，50万美国民众支持川普大游行。政客们，媒体们，你们看到了吗？这才是真正的民意,2020-11-15 08:17:52
743,甩狙老能手,设计目录,"晚安，地球。

NASA航拍的夜景。",2020-11-12 22:28:03
744,DQ拾柒,微观昭通,微观昭通 ：男方买房买车彩礼18万，婚礼将至新娘加价10万彩礼 这件事你怎么看？ http://t.cn/A6GaJlip,2020-11-12 12:33:01
745,彼尔维何_,汝蓝123,汝蓝-yuanshan ：【拜登部下被抓】拜登在得克萨斯州的竞选总监达拉斯·琼斯（Dallas Jones）被抓。琼斯被正式指控协助开展非法选票行动。 被逮捕的这位民主党人达拉斯·琼斯（Dallas...,2020-11-13 20:25:35
746,Brittany晓,萌宠避风港,"#动物园回应狮子泡水池中疑似死亡##太原#

太原动物园狮子瘦的可怜！尾巴都断了没人管！
为了盈利动物的健康就可以无视吗？ 萌宠避风港的微博视频",2020-11-13 10:55:23
747,断断续续写日记,辣爆视频,"#动物奇观#
齐齐哈尔马戏团在沧州表演出事，老虎吃马，乱作一团。听说是疫情造成马戏团效益变差，再加上肉价上涨，不得不减少老虎的伙食，导致老虎要吃马 。还好，没有吃人。这段视频比看马戏还刺激，令人惊悚！ 辣爆视频的微博视频",2020-10-26 11:38:38
748,一大颗梅子,宁波这点事,宁波这点事 ：东论网友“SMITHWANG”发帖：出来吃个饭被某店里的一幕惊到，听店里其他客人反映，美团外卖员因订单快要超时，催促商家出餐引起商家不满。而对外卖员破口大骂，双方...,2020-11-12 14:42:50
749,一大颗梅子,宁波潮生活,临沂土味青年 ：【#宁波两名外卖员与商家大打出手# 】网友爆料：出来吃个饭被某店里的一幕惊到，听店里其他客人反映，美团外卖员因订单快要超时，催促商家出餐引起商家不满。而...,2020-11-12 11:51:13
750,一大颗梅子,宁波潮生活,临沂土味青年 ：【#宁波两名外卖员与商家大打出手# 】网友爆料：出来吃个饭被某店里的一幕惊到，听店里其他客人反映，美团外卖员因订单快要超时，催促商家出餐引起商家不满。而...,2020-11-12 11:51:18
751,一大颗梅子,心动宁波,"0:06
5.2万次观看",2020-11-12 11:50:48
752,一大颗梅子,心动宁波,【#宁波两名外卖员与商家大打出手# 】网友爆料：出来吃个饭被某店里的一幕惊到，听店里其他客人反映，美团外卖员因订单快要超时，催促商家出餐引起商家不满。而对外卖员破口大骂，双方发生口角，后来矛盾升级引发双方动手。 宁波倪少的微博视频,2020-11-12 11:50:39
753,一大颗梅子,宁波房哥,#宁波爆料# 东论网友“SMITHWANG”发帖：出来吃个饭被某店里的一幕惊到，听店里其他客人反映，美团外卖员因订单快要超时，催促商家出餐引起商家不满。而对外卖员破口大骂，双方发生口角，后来矛盾升级引发双方动手。#美团外卖员与商家动手# 西门町吃在宁波的微博视频,2020-11-12 10:51:38
754,一大颗梅子,宁波倪少,【#宁波两名外卖员与商家大打出手# 】网友爆料：出来吃个饭被某店里的一幕惊到，听店里其他客人反映，美团外卖员因订单快要超时，催促商家出餐引起商家不满。而对外卖员破口大骂，双方发生口角，后来矛盾升级引发双方动手。 宁波倪少的微博视频,2020-11-12 11:44:59
755,一大颗梅子,宁波同城,#宁波爆料# 东论网友“SMITHWANG”发帖：出来吃个饭被某店里的一幕惊到，听店里其他客人反映，美团外卖员因订单快要超时，催促商家出餐引起商家不满。而对外卖员破口大骂，双方发生口角，后来矛盾升级引发双方动手。#美团外卖员与商家动手#西门町吃在宁波的微博视频,2020-11-12 10:50:10
756,一大颗梅子,西门町吃在宁波,被举报人删除了被举报信息, 
757,默的祝福,一本学长,四川御河中学校长在家长会上宣布：撤销教师食堂，师生共同用餐。 一本学长的微博视频,2020-11-10 16:17:04
758,2058561354,北京郭译仁,"中科院报告：政府医疗投入80%为党政干部服务

干部医疗100％报销，有退休干部一次住院竟花掉300万，干部特殊医疗制度不公平，应予取消。",2020-11-10 08:38:54
759,草原芙虎,今生只爱恩溢,#上海浦东# 网友传言:机场搬运工，接触冷库的，昨天医院就诊，ct一塌糊涂，都是毛玻璃样改变了，家里有个10岁的孩子，也在发烧作孽,2020-11-09 16:38:03
760,夏墨滴99,飞春读传,"【铁人王进喜这张照片，日本人从中看出3个国家级秘密】
这是一张著名的泄密照片，刊登在1964年第一期的《中国画报》封面。

图中，大庆“铁人”王进喜，头戴大狗皮帽，身穿厚棉袄，顶着鹅毛大雪，握着钻机手柄眺望远方，在他身后散布着星星点点的石油井架。

日本早就知道东北石油矿产丰富，此时经济发 ...展开",2020-11-05 17:40:01
761,可乐冰柠要加冰,赳赳的赳赳的赳赳,被举报人删除了被举报信息, 
762,佩索阿的小迷弟,一地大米,一地大米 ：澳大利亚奔富酒庄的CEO在报纸上公开发表了言论说：我们不受新冠病毒的发源地中国的威胁！这是公开蔑视！挑衅！奔富系列的产品在中国销量是全球的80%。再见奔富[再见...,2020-11-07 20:17:20
763,眼镜张19850409,绵州冰雪,一年前，2019年11月5号，武汉有八人因传播新冠谣言被捕，一举成为新世纪新闻。而今天新冠肺炎已蔓延全世界造成一百多万人死亡，目前尚无有效药物控制病毒继续蔓延。,2020-11-06 08:07:41
764,夜雨的启,导演叶大鹰,叶大鹰 ：分享图片,2020-11-07 03:02:03
765,七艺恩琴,希望今天天气...,2019年11月5日，李文亮等八位医生传播关于武汉有不明病毒感染的消息，被“依法训诫”，后李文亮被安排至感染科工作，于2020年1月8日感染新型冠状病毒肺炎，2月7日凌晨不治身亡，时年34岁。,2020-11-05 23:16:27
766,爱喝茶爱失眠...,用户6506744906,用户6506744906 ：纪念李文亮医生 http://t.cn/EP3KIvI,2020-11-06 12:23:15
767,爱喝茶爱失眠...,用户6506744906,纪念李文亮医生——去年今日的他,2020-11-06 12:05:36
768,呆傲天,张磊天津,"去年今天，时间好快也好慢。
2019年11月5日，李文亮等八位医生传播关于武汉有不明病毒感染的消息，被“依法训诫”后，李文亮被安排至感染科工作，于2020年1月8日感染新型冠状病毒肺炎。2月7日凌晨不治身亡，时年34岁。",2020-11-05 23:58:55
769,呆傲天,军师評,被举报人删除了被举报信息, 
770,到底买了多少胶,Countrycat,这是选举办公室工作人员集体犯罪的铁证,2020-11-05 08:00:16
771,7313449402,Countrycat,"0:45
2.3万次观看",2020-11-05 08:31:46
772,SPADE_0,CryptoApprentice,CryptoApprentice ：据Huffington Post文章报道，十一名索马里海盗近日在美国法庭招认其实他们是为高盛（Goldman Sachs）工作的。 海盗们招认，其实他们的工作性质很简单，就是强行...,2020-10-31 16:15:59
773,SPADE_0,邹健论道,"十一名索马里海盗近日在美国法庭招认其实他们是为高盛工作的。

海盗们招认，其实他们的工作性质很简单，就是强行攻击那些和高盛已经做空的交易有关的船只，以从中获利。海盗还表示他们的工作性质其实类似于投资银行家，只不过没有其它银行部门的着装要求。

海盗们承认，他们是在2008年下半年的时候和 ...展开",2020-10-30 23:04:12
774,SPADE_0,庚白星君,被举报人删除了被举报信息, 
775,SPADE_0,小美在美国,"据报道，十一名索马里海盗近日在美国法庭招认其实他们是为高盛工作的。

海盗们招认，其实他们的工作性质很简单，就是强行攻击那些和高盛已经做空的交易有关的船只，以从中获利。海盗还表示他们的工作性质其实类似于投资银行家，只不过没有其它银行部门的着装要求。

海盗们承认，他们是在2008年下半年 ...展开",2020-10-30 21:10:35
776,小小斌哥66,侯宁,侯宁 ：据报道，十一名索马里海盗近日在美国法庭招认其实他们是为高盛工作的。 海盗们招认，其实他们的工作性质很简单，就是强行攻击那些和高盛已经做空的交易有关的船只，以...,2020-10-30 17:21:31
777,谂槿一念,珍妮达达派,"10月27日，重庆上空出现一土豪，坐乘直升飞机撒钱30,000,000！司机路人纷纷捡钱，一度造成交通堵塞。
据说是土豪患了绝症才有此举。

没了生命一切都不再有意义，且行且珍惜啊！ 珍妮达达派的微博视频",2020-10-28 11:12:21
778,老湿话古今,笙畅学长,"孙殿英从乾隆头上扯下的辫子，回想当年，一代大帝乾隆爷这辫子是多么的威风凛凛！

在二十世纪二十年代的时候，军阀孙殿英以各种名义对乾隆的清东陵和慈禧定东陵进行了毁灭性的行动——抢劫。当他们这群军阀把陵墓弄开以后就像疯了一样从里面往外搬运那些金银财宝，他们却只看得见那些实实在在的金银财 ...展开",2020-10-24 23:25:38
779,哔哔小哥,罗小卫,罗小卫 ：【重庆：#一个土豪坐直升飞机向城区撒了3000万人民币#】 真猛！ 上帝之举！ …… 10月27日，重庆一个土豪乘坐直升飞机在天空向城区撒了3000万人民币，一些市民在地面捡.... 查看全文,2020-10-28 00:36:47
780,放屁一不留神...,懒馋大叔,懒馋大叔 ：分享图片,2020-11-07 21:12:21
781,纯洁的纯洁翔,娱是乎,"香港知名演员廖启智“智叔”，沦落到摆摊卖衣服吃路边摊？小儿子去世，大儿子欲变性，妻子抑郁，他的人生诸多磨难！

近日，有网友在香港偶遇智叔，没想到智叔竟然在摆摊卖衣服？看起来很随意邋遢的样子。其实早前智叔就被拍到过在路边吃路边摊了，行为邋遢不修边幅，而且穿的那件衣服跟这次被拍到的一 ...展开",2020-10-25 20:57:08
782,月满轩尼斯1997,娱乐圈小青年,#廖启智# TVB老戏骨廖启智居然在街头卖衣服，太心酸了，他为什么不去拍戏呢？,2020-10-25 17:41:36
783,小白_Alton,星叭克不好喝,星叭克 ：香港知名演员廖启智“智叔”，沦落到摆摊卖衣服吃路边摊？小儿子去世，大儿子欲变性，妻子抑郁，他的人生诸多磨难！ 近日，有网友在香港偶遇智叔，没想到智叔竟然在摆.... 查看全文,2020-10-26 09:55:12
784,hdjkshsjj,卖黄昏的小橙子,大儿子变性赶出家门，小儿子血癌病逝！廖启智与妻子相依为命，拍完戏回妻子店帮忙照顾生意，真心不容易的好男人！#情感# 卖黄昏的小橙子的微博视频,2020-10-25 16:03:46
785,谂槿一念,每日来看新鲜事儿,重庆又见高空撒钱！知情人称疑土豪患病后用直升飞机洒钱！#社会新闻# 每日来看新鲜事儿的微博视频,2020-10-27 19:28:03
786,谂槿一念,梁溪说事,梁溪说事 ：重庆一土豪患病坐直升机在天空撒钱？ http://t.cn/A6bDsNAi,2020-10-27 19:46:18
787,Struggling_Life,作家刘小海,被举报人删除了被举报信息, 
788,Lee湛蓝的天空,历史小皇帝,历史小皇帝 ：孙殿英从乾隆头上扯下的辫子，回想当年，一代大帝乾隆爷这辫子是多么的威风凛凛！ 在二十世纪二十年代的时候，军阀孙殿英以各种名义对乾隆的清东陵和慈禧定东陵...,2020-10-26 15:59:03
789,吧唧吧唧嘭嘭,态度岛,态度岛 ：据说这是伊朗边境线附近地区居民的日常生活状态：没事了，就站在高处看亚美尼亚和阿塞拜疆激战，比看烟花礼炮刺激多了…… http://t.cn/A6bBDJIa,2020-10-25 06:29:42
790,搬家的大蚂蚁,蓝鲸铲史官,蓝鲸老湿 ：孙殿英从乾隆头上扯下的辫子，回想当年，一代大帝乾隆爷这辫子是多么的威风凛凛！ 在二十世纪二十年代的时候，军阀孙殿英以各种名义对乾隆的清东陵和慈禧定东陵进...,2020-10-23 18:15:11
791,路边一只默,奇怪的袋鼠蜀黍,,2020-10-23 07:14:25
792,Romeo430,西部发展资讯,西部发展资讯 ：《中国某航班上录的视频》 来源：网络 这是一个在中国工作的老外拍摄的，他说这是在中国某一个航班上录的视频。 视频里，一个中国女乘客用通气孔进风吹干自己...,2020-10-16 06:13:52
793,是你de小小小...,扫地小姐姐,,2020-10-19 17:35:45
794,大猪小肉肉,衡阳甘建华,谁说大学没文化？山东大学齐鲁医院开大会，打个字居然能把“抗疫”打成“抗议”。,2020-10-19 21:11:07
795,稀饭炒鸡蛋丶,浩哥看山东,被举报人删除了被举报信息, 
796,7207420501,谭飞,谭飞 ：我支持这位空姐。,2020-10-18 23:04:48
797,这风有点悲凉,siesteestunem...,siesteestunemortsavoureuse ：额？这不是文字狱是啥？还特意钻另一个空子给人家定罪呢。不要脸。妈的，很难不认为这次“外部势力”是蒙牛伊利惹,2020-10-19 12:31:10
798,zhangmx969,绿旗的秘密,如果是真事，给这位国航空姐点赞,2020-10-18 19:32:32
799,瓜摊老板,侯安扬-上善若...,被举报人删除了被举报信息, 
800,咲咲她不乖,娱综小玩家,"香港知名演员廖启智“智叔”，沦落到摆摊卖衣服吃路边摊？小儿子去世，大儿子欲变性，妻子抑郁，他的人生诸多磨难！

近日，有网友在香港偶遇智叔，没想到智叔竟然在摆摊卖衣服？看起来很随意邋遢的样子。其实早前智叔就被拍到过在路边吃路边摊了，行为邋遢不修边幅，而且穿的那件衣服跟这次被拍到的一 ...展开",2020-10-25 19:59:27
801,喷喷卡卡,豆儿爸,被举报人删除了被举报信息, 
802,郭文乐,lw7518,lw7518 ：光明乳业一脸懵逼[嘻嘻],2020-10-18 11:21:16
803,送子观音輞睾飛,谢菲-sophia,#光明乳业广告被罚# 帮你们想了句新广告词“我一直拥有光明”拿走，不谢！,2020-10-18 11:04:15
804,千万别躺平,宣城知府,宣城知府 ：偶尔喝一次光明牛奶！,2020-10-18 11:43:47
805,千万别躺平,诗人记者陈小平,诗人记者陈小平 ：#光明牛奶# 这个广告值了！30万值3个亿！故意的？[哈哈][哈哈],2020-10-18 14:15:50
806,阿山的Sylvia,重庆袁哥,重庆袁哥 ：要光明的罚款30万，要自由呢，罚多少？！ http://t.cn/RhUc6NQ,2020-10-18 11:00:56
807,空白0213,道哥日记,网传重庆一栋大楼有人撒钱！据说是一夫妻吵架，撒了一百多万，好多人捡钱，外卖骑手全部晚点了#遇见美好生活##谜之微笑# 疯狂匹夫的微博视频,2020-10-17 20:53:44
808,流苏_XMQ,小闲事2020,小闲事2020 ：光明牛奶，已哭死在现代汉语词典里。[嘻嘻],2020-10-18 08:53:05
809,蕉下迷路,头条通,"光明乳业做了一条广告：

“请 给 我 光 明 ！”

然后…就没有然后了…… 🙊",2020-10-17 20:54:10
810,ZHANGDENER,张娇娇护士,张娇娇护士 ：你好光明乳业。@楼下大爷,2020-10-18 11:36:31
811,k_noik,安然且过,怎么这么没自信,2020-10-18 09:24:11
812,安安要快快长大,深圳房产张蜜耘,深圳房产张蜜耘 ：【央行通知[炸弹]】 部分银行11月份后不放款，11月20号后部分银行全面停止放贷，房贷，请要贷款的客户提前做好准备！#买房##贷款# http://t.cn/RxuNgQB,2020-10-16 10:53:50
813,调频2的9次方...,何雪萍牛散,从明天起，大家出门做好防护，戴口罩，硚口区今天开始排查，十一期间硚口区有一千多人去过青岛，武汉市还不知道共有多少人去过，硚口区各小区又开始管控了。,2020-10-15 17:05:17
814,调频2的9次方...,何雪萍牛散,回复@北海的鱼大玥:从明天起，大家出门做好防护，戴口罩，硚口区今天开始排查，十一期间硚口区有一千多人去过青岛，武汉市还不知道共有多少人去过，硚口区各小区又开始管控了。//@北海的鱼大玥:那就好安排的下周去青岛,2020-10-15 17:06:07
815,新12138,test_jiankong...,被举报人删除了被举报信息, 
816,进击的奋青765,笑葩,爱国文青 ：亚美尼亚击落阿塞拜疆无人机现场 #亚美尼亚与阿塞拜疆爆发军事冲突# http://t.cn/A6b9WlDE,2020-10-14 16:03:33
817,加油小毛虫0932,沐雅竹韵,沐雅竹韵 ：长假刚过，青岛就爆发疫情，让公众很担心。那么，这次青岛疫情是如何爆发的呢？ 先是假期中，青岛出现一例境外输入患者；该患者到青岛胸科医院做CT；但是事后，医院...,2020-10-13 23:05:54
818,璇鹅不是一只鹅,王德培,"青岛疫情皆因“麻痹大意”
目前，青岛已经出现12例感染者，其中6例确诊，6例无症感染。
长假刚过，青岛就爆发疫情，让公众很担心。那么，这次青岛疫情是如何爆发的呢？
先是假期中，青岛出现一例境外输入患者；该患者到青岛胸科医院做CT；但是事后，医院没有进行彻底消毒，从而导致病毒传 ...展开",2020-10-14 08:26:43
819,吾锋WooFeng,捡了块肥皂,"1:10
5.7万次观看",2020-10-12 09:05:45
820,步步进薪_步步...,李迎兵,#光明乳业被罚款30万#好像是因为一句广告词导致的被罚款吧。“请给我光明（牛奶）。”就事论事，如果只是此“光明（乳业）”并非那个无限被延伸的彼“光明”，那就没问题了。可是，监管部门把这个意义拓展延伸，并浮想联翩，乃至于扩大到家国乃至世界范围内去诠释，甚至扩展到形而上，包括更高的上层建 ...展开,2020-10-19 07:33:23
821,geekwithoutpink,丘丘人赛利卡,每天保持好心情的肥宅 ：#青岛本次疫情已确诊71例系谣言# 你是信官方 还是信真正的事实？很多疫情病历和死亡病历都压着没有上报，为的是害怕引起恐慌，我医院的同学都是亲口说的...,2020-10-12 19:26:14
822,test_jk_meu28...,jk_meu275163,被举报人删除了被举报信息, 
823,小白_不困,动机资本,动机资本 ：深圳地铁6号线 看样子是两辆车撞在一起了,2020-10-12 13:20:28
824,追夏的小楠子,勤奋de班长,#亚美尼亚与阿塞拜疆爆发军事冲突# 亚美尼亚夜晚击落阿塞拜疆无人机和米格战机画面曝光。 勤奋de班长的微博视频,2020-10-11 21:39:17
825,蠢猪的核弹已命中,瓶淡er,被举报人删除了被举报信息, 
826,新12138,test_jk_meu28...,,2020-09-23 17:59:58
827,辟谣知真相,若飛Original,若飛Original ：中文的🤔這不會是寫給美國看的了吧🤔,2020-10-07 16:37:26
828,ZxFrostbolt,数码君,伊朗人站在山头上看阿塞拜疆和亚美尼亚两个国家打仗，感觉很可怕的样子，伊朗人咋那么淡定呢…… 数码君的微博视频,2020-10-09 22:10:16
829,stargazer千之,肠精,国家电网统计，连续6个月电表数为零的房子有6540万套，这些房子足够2亿人居住。,2020-10-09 12:24:22
830,_CATROVACER_,信-秋-博,"阿塞拜疆的米格-25与亚美尼亚地面防空系统的对决！
好像打游戏一样🔫
@胡锡进 @东风快递 @人民日报 信-秋-博的微博视频",2020-10-09 16:52:50
831,王多鱼也没有...,阿布的茅草屋,布哥Talk ：阿塞拜疆的米格25与亚美尼亚地面防空系统对决，真实前线现场画面…… http://t.cn/A6bMG5Zu,2020-10-09 10:40:38
832,Dr_Shroom,搞笑牧牧,"阿塞拜疆，米格-25和亚美尼亚地面防空系统的对决，希望世界和平
#亚美尼亚与阿塞拜疆爆发军事冲突# 奇葩搞笑军的微博视频",2020-10-09 19:27:10
833,小郝技术员,军武季,阿塞拜疆的米格—25与亚美尼亚地面防空系统的对决 军武季的微博视频,2020-10-08 16:42:51
834,落药救人,丽江洛洛,你看清是怎么回事了吗？特警就是厉害，一瞬间就把狂妄叫嚣的人制服了，我联想到收复台湾也是这种画面，迅雷不及掩耳。 丽江洛洛的微博视频,2020-10-08 11:54:50
835,小羊开吉普,侯宁,西湖断桥边突发事件！ 侯宁的微博视频,2020-10-10 12:47:07
836,1148739632,殷雄联盟长沙...,殷雄联盟长沙达的小窝 ：阿塞拜疆的米25对抗亚美尼亚的地面防空系统太好看了[憧憬][憧憬][憧憬][憧憬][打call][打call] http://t.cn/A6bfDNnK,2020-10-08 17:43:40
837,叫我小鹿同学就好,TheLancet-Vivian,阿塞拜疆的米格-25与亚美尼亚地面防空系统的对决！战争的残酷无情！😅 TheLancet-Vivian的微博视频,2020-10-08 23:05:30
838,meanvaluetheorem,作家西原秋,作家西原秋 ：不平凡的2020年，好不容易跟疫情鏖战半年多，两个国家又干起来了。阿塞拜疆的米格-25与亚美尼亚地面防空系统的对决，精彩绝伦！ http://t.cn/A6bMhp2n,2020-10-09 08:19:26
839,Moissonneuse,股市刀锋,股市刀锋 ：又有新视频了！阿塞拜疆的米格-25与亚美尼亚地面防空系统的对决，两分钟的激战，带你亲历真实的战场！中印边境，南海岛礁，台湾海峡将来会有这样的场面吗？ 凡事预...,2020-10-08 21:41:15
840,老赵琦,丹誉谭古,"国士无双再出发
钟南山昨飞青岛",2020-10-13 06:03:17
841,胖子和叮当,基金教主,阿塞拜疆的米格-25与亚美尼亚地面防空系统的对决，太精彩了 分析师杨晓磊的微博视频,2020-10-08 12:52:37
842,cdlxcf,言真钦,胡叼怎么能签发这种不利于社会安定的稿件呢？差评！！『中科院报告称政府医疗投入80%为党政干部服务』,2020-10-07 17:43:37
843,P蒲u,天下大事小情...,,2020-10-08 10:09:34
844,可可胖猴子,黑暗的沉思06,黑暗的沉思06 ：此处该有华大妈。『中科院报告称政府医疗投入80%为党政干部服务』http://t.cn/A6bcjssm,2020-10-07 12:11:43
845,去吧皮卡丘2018,孟彦弘,孟彦弘 ：[挖鼻]http://t.cn/A6bcjssm,2020-10-07 23:03:26
846,永井制药,Zaydahan,被举报人删除了被举报信息, 
847,每日磨洋工,乡下客,杭州西湖断桥边的突发事件——看快速反应西湖特警的处置！[强][强][强] 乡下客的微博视频,2020-09-30 21:07:32
848,JulietJEJEJE,小蝌蚪妈妈-,"你吃下去的不光是美食，还可能是工业塑料！
#生活百科##科普大作战##涨姿势##食品安全# 小蝌蚪妈妈-的微博视频",2020-09-28 18:09:52
849,逗逗小乖乖,日本-石川港,被举报人删除了被举报信息, 
850,不是方方是方方土,庄里今天事儿,"石家庄市内惊现抢小孩！！！

昨晚9月26日9点半多，裕华路城角街交叉口，一年轻妈妈领着两岁多小女孩在马路上走着，一陌生男子非要拉着小女孩去前边好利来蛋糕房买蛋糕，妈妈不肯，双方争执，男子还不依不饶，这时小孩的爸爸骑电车过来了，骂了男子一句，赶紧让娘两个上车离开了！男子仍然不惧，没有离 ...展开",2020-09-27 18:23:31
851,取个不重复的...,大漠鱼-,这是网上看到的一张图片，内容真假不知。请图片中涉及到的医药单位回应一下。,2020-09-25 19:11:06
852,卓joY-,人间风云,美国最新机器人老婆Alice艾丽丝面世，按21岁姑娘打造，与真人相似度99%，售价十万美金，终身软件升级和保修。买一个这样的老婆，你就是活到101岁，你老婆还是21岁那样动人！ 网页链接,2020-09-23 15:52:42
853,蠢猪的核弹已命中,吃粽子不吐粽叶,被举报人删除了被举报信息, 
854,蠢猪的核弹已命中,吃粽子不吐粽叶,被举报人删除了被举报信息, 
855,蠢猪的核弹已命中,吃粽子不吐粽叶,被举报人删除了被举报信息, 
856,蠢猪的核弹已命中,吃粽子不吐粽叶,被举报人删除了被举报信息, 
857,蠢猪的核弹已命中,吃粽子不吐粽叶,被举报人删除了被举报信息, 
858,蠢猪的核弹已命中,吃粽子不吐粽叶,被举报人删除了被举报信息, 
859,蠢猪的核弹已命中,吃粽子不吐粽叶,被举报人删除了被举报信息, 
860,Ronaldlawyer,苏占军_不舍斋主,【转载】阿塞拜疆的米格-25与亚美尼亚地面防空系统的对决 苏占军_不舍斋主的微博视频,2020-10-08 21:30:36
861,蠢猪的核弹已命中,吃粽子不吐粽叶,被举报人删除了被举报信息, 
862,蠢猪的核弹已命中,吃粽子不吐粽叶,被举报人删除了被举报信息, 
863,得過且過會好過,萝卜合作社小蜜,萝卜合作社小蜜 ：好人难当，网约司机送回乘客遗失的ipad，却反遭诬陷[摊手] http://t.cn/A64RyNg5,2020-09-18 10:24:26
864,越来越强了,新蜜蜂alex182,塔吊事故，能看到有人掉下来，看来凶多吉少了。。 新蜜蜂alex182的微博视频,2020-09-18 12:39:03
865,徐乾1994,Shahzoda9,王之涵520 ：#中国军队维和牺牲官兵名单#致敬英雄，看一次哭一次 http://t.cn/A64R4lfs,2020-09-18 10:49:51
866,卡卡北北啦,婺源戴国保151...,"北加州无人机纵火视频。美国一个叫李建军的人被捕
无‬‬人机纵火犯被逮捕：57岁‭移民美国20年华裔李建军被‭搜查‬住所，从其‭笔记本‬找到一段视频，用无人机放火，造成特大森林火灾！
各种迷的背后即将被揭晓。 婺源戴国保15179334386的微博视频",2020-09-13 12:37:02
867,用户6799054366,长安万里行,"#树洞#湖南15岁孩子为要钱砍死奶奶
8月12日，湖南岳阳平江县安定镇一个15岁的孩子找奶奶要钱，奶奶没什么钱拿了150给他，他嫌少，拿刀砍死了奶奶，村民打了120，结果奶奶死在了120的救护车上。随后村人报警，警察随后赶到，爷爷还坐在厅里叫孙子自首，结果爷爷也被砍伤还拒捕，这就是溺爱的后果 ...展开",2020-08-19 15:12:07
868,用户6799054366,安家在西咸,"#树洞#湖南15岁孩子为要钱砍死奶奶
8月12日，湖南岳阳平江县安定镇一个15岁的孩子找奶奶要钱，奶奶没什么钱拿了150给他，他嫌少，拿刀砍死了奶奶，村民打了120，结果奶奶死在了120的救护车上。随后村人报警，警察随后赶到，爷爷还坐在厅里叫孙子自首，结果爷爷也被砍伤还拒捕，这就是溺爱的后果 ...展开",2020-08-20 00:35:07
869,无可奈何随风...,过去的老照片,西安北站特警滑降，击毙挟持人质歹徒 林宇之間的微博视频,2020-09-16 17:34:21
870,嘻嘻哈哈呼呼吼,战斗民族是华夏,学伴事件之后，山东大学被山东人嫌弃了。希望能吸取教训，改过自新。,2020-09-14 06:23:22
871,嘻嘻哈哈呼呼吼,旧巷里的少年...,旧巷里的少年郎G888 ：山东大学降低40分还招不满。 说明从山大出来不是不好找工作的问题，而是不好找对象的问题。[吃瓜] http://t.cn/A649t6G9,2020-09-14 10:13:22
872,嘻嘻哈哈呼呼吼,宅老赵牧,宅老赵牧 ：山东大学，这叫现世报啊。[哈哈],2020-09-14 14:06:59
873,小狼各布,严建设,"河南某地一辆载蒜的车掉入沟里，蒜瓣散落地上，路过的群众疯狂抢蒜，不巧另一辆货车又发生侧翻，将捡蒜群众全部压倒，造成8死11伤……
——这剧情，真够诡异的…… 严建设的微博视频",2020-09-17 06:21:02
874,小露小路小鹿,阿三印象,阿三印象 ：9月15日，河南信阳一辆载蒜的车掉入沟里，蒜瓣散落地上，路过的群众疯狂抢蒜，不巧另一辆货车又发生侧翻，将捡蒜群众全部压倒，造成8死11伤…… http://t.cn/A64HnWnF...,2020-09-16 23:12:23
875,V冷漠的羊羊,人文热搜,人文热搜 ：天道轮回 报应必有 近在本身 远在儿女 【现世报】 一辆载蒜的车掉入沟里，蒜瓣散落地上，路过的群众疯狂抢蒜，不巧另一辆货车发生侧翻，将捡蒜群众全部压倒，造成8...,2020-09-16 17:07:21
876,不想再改昵称了-,爱如潮水1745,,2020-09-14 09:20:02
877,辣手cc,郑州高校,#校园#【#舒兰高三复课一月后再停课# 学生被统一安排客车送回家】近日吉林省舒兰市风险等级调整为高风险，已经复课的高三、初三学生再次停课。由于城市公共交通暂停营运，城市封闭，相关部门最终决定用客车统一将学生安全送到家。家长王女士表示理解，安全最重要。 一手video的秒拍视频,2020-09-13 07:02:06
878,IronS0aP,爱如潮水1745,"山东大学艾滋病调查——
自实行“学伴制”以来，
短短五年间，
爱滋病增长295.2%，
如此高的艾滋病比例，
就连妓院也不可能达到，
这也是山东大学，
降低40分录取，
也招不到本地生的原因。
因为本地人知道内情，
试问，
谁愿意把自己的女儿送进火坑？
为了利益，没有底线，毫无廉耻，自己把自己牌子砸 ...展开",2020-09-14 09:23:21
879,王木木朱朱,玄武胡---真言,玄武胡---真言 ：山东大学降40分录取，仍未完成招生计划！ 山东大学，就是那个给1个外国留学生配3个异性学伴的那个大学！,2020-09-14 09:15:51
880,蠢猪的核弹已命中,吃粽子不吐粽叶,被举报人删除了被举报信息, 
881,潇湘林黛,大明忠臣洪承畴,我做了什么？？？山东大学降低40分录取分数线，仍未完成招生计划,2020-09-14 09:04:42
882,大上不是太上,湛江饺子铺,,
883,urTarRan,院长卡哥,,
884,王木木朱朱,李不白的微博,李不白的微博 ：压力山大,2020-09-14 08:30:08
885,我也不知道怎...,5058700733_369,1122,2020-09-08 20:33:11
886,我也不知道怎...,5058700733_369,镜框感慨感慨,2020-09-08 20:32:17
887,我也不知道怎...,5058700733_369,,2020-09-08 20:30:05
888,我也不知道怎...,5058700733_369,,2020-09-08 20:24:15
889,我也不知道怎...,5058700733_369,可可科技,2020-09-08 20:23:11
890,我也不知道怎...,5058700733_369,理工大许 ：一亿元,2020-09-08 20:08:05
891,陈小黑不能用,芥末味儿的小姐姐,#帮转发# 本人何伟在新农贸做龙虾生意，电话：13972170176，今天上午5岁儿子在双语幼儿园附近被人拐走了， 从监控上看是被一个三十多岁女人抱走了，有知情者请告之，必有重谢 🙏🙏🙏,2020-09-05 17:24:14
892,每句诗都是你...,太湖新果农,"0:09
1556次观看",2020-08-30 22:30:45
893,ECFA签个屁,薛蛮子,薛蛮子 ：中国彩票中奖最多的人群，竟是中国彩票管理中心14名领导。 几十年来它们总共中500万大奖27200注。 500万X27200=1360亿。[得意][得意] 可以载入吉尼斯世界纪录 权力产...,2020-08-28 17:00:20
894,用户6519312461,竹青叶茂李日...,竹青叶茂李日德LRD ：食品安全关系千家万户， 黑心商家为利造假仍在， 肉松造假早有什么东西， 国家质监查处化验识别， 不能让没良心人再害人！ http://t.cn/A64wiSZq,2020-08-28 17:02:45
895,KK13689,画画的老武,"画画的老武 ：转：山东临沂平邑的一个小区, 一个姑娘竟然从楼上阳台直接漏下去了…..…🙏 http://t.cn/A64v8X1k",2020-08-25 19:57:57
896,姜凯申,圆的良品,"太惨了！太意外了！
北京地坛公园，器械运动，发生意外，单杠大回旋老者头部与横向跑过的孩子头部发生相撞，两人均已死亡。
带孩子出去玩的时候，一定要看好孩子！
意外无处不在。太惨了！太意外了！ 微知乎的微博视频",2020-08-30 20:42:24
897,塔尼大師,不刮胡子的老先生,"太惨了！太意外了！
北京地坛公园，器械运动，发生意外，单杠大回旋老者头部与横向跑过的孩子头部发生相撞，两人均已死亡。
带孩子出去玩的时候，一定要看好孩子！ 不刮胡子不刮脸只管剃头的老先生的微博视频",2020-08-29 17:56:08
898,智慧树上智慧可,老兵地产艺术...,辽宁桓仁虎谷峽玻璃栈道，被一群大妈跳广场舞跳断了，她们的尽情发洩，是因为太富裕了，不知道怎样才能证明自己还年轻，还快活着！ 老k地产艺术品鉴藏的微博视频,2020-08-27 06:29:29
899,我爱那一片阔海,受命干天,受命干天 ：法国巴黎整夜支持白俄罗斯的和平抗议活动，美国的黑命贵想问“为什么”。 #美国暴乱# 法国黑人兄弟不声援美国的黑命贵反而是白俄罗斯 http://t.cn/A6UsOkM1,2020-08-25 08:15:05
900,傻头傻脑大傻...,观鲜国际,现在啥事情都有:峨眉山公交车某个司机，在下山途中急转弯时，不晓得咋个把自己甩出来了。这坐车的肯定魂都吓掉了！还好，没发生太大的悲剧！！ 观鲜头条新闻的微博视频,2020-07-19 22:19:32
901,Bingki不忘初心,伯乐聊股,,2020-08-25 15:42:21
902,Han_CDC,包红旗空间,"包红旗空间 ：我分享了【外交部严正警告瑞士银行, 为了人类的安定团结,不要公布非瑞士籍帐户名单 - 杜塞尔多夫(Duesseldorf) - 人在德国 社区 - Designed by Voora Island】, ...",2020-08-22 11:31:41
903,Han_CDC,图样吐森坡,"100个人存有7.8万亿，这是一个什么概念？

据来自于腾讯的消息，瑞士银行将自动向世界其它国家交出外国人账户详细资料，而后，某国外交部敦促瑞士银行保护隐私。

记得之前美国曾向瑞银施压，敦促瑞银公布所有外国人账户资料，否则将面临制裁等事。

终究纸是包不住火的，丑媳妇早晚都要见公婆的。假如 ...展开",2020-08-19 15:42:47
904,Ren_Micheal,我是陈原,"这篇文章的题目是:外交部严肃敦促瑞方：为人类安定团结，不应公布帐户名单
这是文章的截图。为了把文章的内容截全，发言人的脸部就截不上了。",2020-08-23 15:31:42
905,Mi__Fans,葛红兵,被举报人删除了被举报信息, 
906,混迹大北窑,神经内科苏主任,神经内科苏主任 ：#全民摆摊# 第一次摆摊遇到城管，把我摊子砸了，然后我上前说理，被打了一耳光，经过调解赔偿了我2000块钱。感觉摆摊月入过万其实不难。,2020-08-22 04:04:24
907,风fun道,H舒必利,"#新疆连续5天0新增#这么多天，第一条好消息
各小区主任：
根据市委市政府指示，会议内容，需大家做好以下工作。
1.下星期一全面解封，回恢正常工作。各小区是逐步放开，因此在星期日通知居家隔离工作人员下星期一上班，打好考勤工作。
2.现在住在本小区的所有工作人员，要严格遵守本社区管理规定，未接 ...展开",2020-08-21 16:59:19
908,Location_zelot,今天又要迟到了,#五通桥#我的家乡居然有一天以这一的形式上热搜现在各种逃命通道全部堵死，官微瞒报谎报，毒气每家每户都闻得到，zf好多部门都没有上班了，心力交瘁，刚刚洪水才过，又是化工厂爆炸，到底什么时候才是个头 网页链接,2020-08-20 11:05:39
909,冬枣办常务副司机,6686773484,画画的老武 ：重庆🙏 http://t.cn/A6UrTFOu,2020-08-21 14:52:51
910,著名恶仗主打...,科技事儿,广东一位学生伪造清华大学录取通知书，还准备戴红花游街，荣耀门楣，不料惊动了当地教办，一查原来是假的，害得老父杀猪宰羊，花了几万元摆酒招待亲朋好友。他父后来得知真相后当场气昏，后来送医院抢救，醒来后检查血压220，大骂：呸，考得还没我血压高！,2020-08-19 12:43:20
911,宇宙巡警露露子丷,密探先生,,2020-08-20 13:58:41
912,S_Khedira,一哈的姐姐,被举报人删除了被举报信息, 
913,窗户有树枝,同学你出来一下,被举报人删除了被举报信息, 
914,乐山网警巡查执法,Jewelbiu,Jewelgem ：真的是祸不单行 乐山五通桥化工厂爆炸 愿赶快撤离 #乐山化工厂爆炸# 已经不是第一次了 不知道这次会不会也被压下来 http://t.cn/A6U17Rmk,2020-08-20 10:01:11
915,乐山网警巡查执法,路西法III,被举报人删除了被举报信息, 
916,乐山网警巡查执法,从前慢by,从前慢by ：#五通桥化工厂爆炸# 一波未平 一波又起 洪灾刚过还没来得及收拾烂摊子 化工厂又爆炸 又要准备跑毒了 今年唯一愿望 平平安安！活着就好！ http://t.cn/R2Wx3qD,2020-08-20 10:41:22
917,乐山网警巡查执法,_旆玖,_旆玖 ：然后上热搜了，还好我已经跑毒成功了，想起在五通桥读高中的时候天天闻氨气，对面工厂还时不时的泄漏一下，爆炸一下#五通桥# 五通桥人民太难了,2020-08-20 10:41:50
918,小清水千早,王小肥的渔网内搭,被举报人删除了被举报信息, 
919,乐山网警巡查执法,她降下了帆,,2020-08-20 10:03:22
920,林Mayi,军中男儿,军中男儿 ：广州某商家殴打外卖小哥，疑似外卖小哥催商家出餐导致冲突@美团 http://t.cn/A6yCXFsI,2020-07-14 17:28:26
921,乐山网警巡查执法,胡耳朵的大图图,胡耳朵的大图图 ：是真的，五通桥的朋友刚刚发来消息，说化工厂管道爆炸，毒气泄露。我之前纪录片也是拍这种的,2020-08-20 09:37:09
922,依文秋莉,tictixx,,2020-08-20 11:25:07
923,呐已祖特,罗爷说法-law,被举报人删除了被举报信息, 
924,风fun道,V小吕,"帮忙传发，一个四川乐山的钢筋工打工者，杨敏，请他速回四川乐山，直接到乐山市人民医院，家中洪水，父母双亡，老婆被洪水冲走音讯全无，妹妹伤势很严重，想见他最后一面。
大爷：19113260753
爱心接力。
这个不转对不起自己的良心
四川省乐山市公安局
谢谢！
十万火急-----谁的群多 ...展开",2020-08-19 00:25:41
925,风fun道,杨军57496,"帮忙传发，一个四川乐山的钢筋工打工者，杨敏，请他速回四川乐山，直接到乐山市人民医院，家中洪水，父母双亡，老婆被洪水冲走音讯全无，妹妹伤势很严重，想见他最后一面。
大爷：19113260753
爱心接力。
这个不转对不起自己的良心
四川省乐山市公安局
谢谢！
十万火急-----谁的群多 ...展开",2020-08-19 03:24:54
926,风fun道,想要和过去挥挥手,"激励传播帮忙传发，一个四川乐山的钢筋工打工者，杨敏，请他速回四川乐山，直接到乐山市人民医院，家中洪水，父母双亡，老婆被洪水冲走音讯全无，妹妹伤势很严重，想见他最后一面。
大爷：19113260753
爱心接力。
这个不转对不起自己的良心
四川省乐山市公安局
谢谢！
十万火急-----谁的群多 ...展开",2020-08-19 20:32:17
927,风fun道,早安小小小太阳ll,"帮忙传发，一个四川乐山的钢筋工打工者，杨敏，请他速回四川乐山，直接到乐山市人民医院，家中洪水，父母双亡，老婆被洪水冲走音讯全无，妹妹伤势很严重，想见他最后一面。
大爷：19113260753
爱心接力。
这个不转对不起自己的良心
四川省乐山市公安局
谢谢！
十万火急-----谁的群多",2020-08-19 23:55:34
928,bbbbearchen,玩闹动物城,#海洋#最有骨气的鱼，一旦被捕立马自杀，让人心疼！ 玩闹动物城的微博视频,2020-08-18 00:32:03
929,顺势的无为,张晨初艺术空间,张晨初艺术空间 ：分享图片,2020-08-15 22:51:55
930,网警小胖,红牛HBTX,"【沈阳铁西：一早餐店爆炸，2名消防队员牺牲】8月18日早上，铁西区景星街北三路绿厦爵仕会小区楼下一早餐店着火，接到报警后，消防队员第一时间赶到现场。不幸的事，早餐店在着火后发生爆炸，2名消防队员牺牲。🙏🏻 🙏🏻 🙏🏻
心情不好了不好了，大家都要注意安全！
生者健康平安逝者安息 ...展开",2020-08-18 10:23:10
931,6623098269,剪辑bot,没点本事当不了“老王” 电影混剪的微博视频,2020-08-16 22:16:14
932,7205783464,流泪的志愿者,偷情掉下来啦！偷情也要找别墅什么的，高层建筑太危险了！建议偷情一族多加防范！ 流泪的志愿者的微博视频,2020-08-16 23:27:47
933,我想换个嘴,猎奇彭,真的是艺高人胆大偷个情要命。 猎奇彭的微博视频,2020-08-16 20:50:44
934,666yoyoyo666,我是破事儿姐,此老王心理素质极强 揭秘那些破事儿的微博视频,2020-08-16 15:04:30
935,CTina_1997,蒙蒙,蒙蒙 ：现在对“老王”的要求都这么高了吗?看来没点本事当不了“老王” http://t.cn/A6URZfrM,2020-08-17 14:25:56
936,哈哈小笑呀,般若波罗密多...,【沈阳铁西：一早餐店爆炸，2名消防队员牺牲】8月18日早上，铁西区景星街北三路绿厦爵仕会小区楼下一早餐店着火，接到报警后，消防队员第一时间赶到现场。不幸的事，早餐店在着火后发生爆炸，2名消防队员牺牲。🙏🏻 🙏🏻 🙏🏻 般若波罗密多宝贝儿的微博视频,2020-08-18 13:29:23
937,Mr-柯珍柱,流泪的志愿者,南宁发生的偷情坠楼事件，太敬业了 流泪的志愿者的微博视频,2020-08-17 19:28:26
938,就一画漫画的,kiera航,事故发生【沈阳铁西：一早餐店爆炸，2名消防队员牺牲】8月18日早上，铁西区景星街北三路绿厦爵仕会小区楼下一早餐店着火，接到报警后，消防队员第一时间赶到现场。不幸的是，早餐店在着火后发生爆炸，2名消防队员牺牲。🙏🏻 🙏🏻 🙏🏻 kiera航的微博视频,2020-08-18 12:03:51
939,用户6519312461,Hellen_zlx,Hellen_zlx ：#成都暴雨#可怜的牛都被冲走了，别下雨了🙏 http://t.cn/RXnNWrU http://t.cn/A6UHHuBN,2020-08-16 11:46:32
940,乐山网警巡查执法,代李俊dlj,乐山太难了，18号全城被淹，今早上五通桥化工厂爆炸,2020-08-20 09:58:31
941,orivin,且生君,且生君 ：#某地公务剩宴#（转） 多家驻京办餐厅负责人表示，由于驻京办餐厅更具私密性，接待的大多是政府官员，“与往年不同，受厉行节俭政策影响，今年很多企业的商务宴请也选...,2020-06-16 16:21:22
942,三月七夕,美食派狂人,我还以为大米是种出来的，没想到却是用塑料做的，以为再也不敢吃了！#嗨夏吃货节##不可辜负的美食#@微博美食 美食派狂人的微博视频,2020-08-16 06:31:14
943,60米巨人_749,Daniel-畲,"#黎巴嫩首都突发爆炸#
疑似有导弹击中后发生爆炸 Daniel-畲的微博视频",2020-08-07 17:45:35
944,_曹宇_,张醒生,瞧瞧人家！,2020-08-09 14:18:58
945,路人路,哈勃观察员,"微软新声明：为断供中国Windows做准备？

近日许多网友注意到，微软更新了Microsoft服务协议，其中一些条款耐人寻味。
微软的更新声明称，如果因为不可抗力导致微软无法履行或延迟履行其义务，微软对此不承担任何责任或义务。
新的服务协议将于10月1日正式生效。更新的主要 ...展开",2020-08-09 14:00:01
946,__深海里,糗事科普君,糗事科普君 ：被狗咬伤后一定要及时治疗，狂犬病发作集锦！太可怕了…[汗] http://t.cn/A6UAfys0,2020-07-30 04:04:19
947,糖糖不笑了,江湖大乱斗,#打架斗殴#广州地铁上两男子持刀斗殴，女乘务员上前将其分开！ 江湖大乱斗的微博视频,2020-07-01 06:40:04
948,世界尽头的目...,皓月语录,皓月语录 ：仔细看爆炸前的几秒钟，有什么异常？#黎巴嫩首都突发爆炸# http://t.cn/A6UJ55yQ,2020-08-07 06:27:17
949,波导终结者,金线胡同,#黎巴嫩首都突发爆炸# #黎巴嫩冻结7名贝鲁特港官员账户# 这是官方首度公布的大爆炸录像，有人怀疑是遭导弹攻击！ 金线胡同的微博视频,2020-08-07 14:28:01
950,于道白,百度UFC吧官方...,事情正在起变化：贝鲁特大爆炸疑似飞弹攻击 百度UFC吧官方微博的微博视频,2020-08-07 11:32:25
951,背着包包一起流浪,哈勃观察员,"视频：假鸡蛋的制作！

假鸡蛋是否具有""技术“可行性，一直有人存疑，看看这个吧。一个假鸡蛋的成本估计不足10分钱，“技术创新”无处不在。
蛋壳由碳酸钙、石蜡及石膏粉制造而成。蛋清、蛋白则主要由海藻酸钠，再加上明矾、明胶、色素等造成。蛋清是将海藻酸钠加进水造成溶液后，不 ...展开",2020-08-07 09:40:09
952,DDdddd是宝哥吖,韦观World,"重磅！特朗普或将轰炸中国黄岩岛！

近日，日本《读卖新闻》披露了一条惊天秘密：特朗普秘密计划轰炸黄岩岛！

同时《华盛顿邮报》驻白宫记者菲尔普斯古尔说：“这则消息，是确凿无疑的。”

为此椭圆形办公室的幕僚们和五角大楼的鹰派，已经秘密制定了详细的实施计划，只待特朗普一声令下就付诸实施！ ...展开",2020-08-05 23:56:28
953,Yan慢慢_,南巷小佈Mckay,#黎巴嫩首都突发爆炸#当地时间4日，黎巴嫩首都发生爆炸，天空出现蘑菇云，死亡人数达到上千人。 情感电台_Mr穆的微博视频,2020-08-05 10:31:09
954,0海蓝色之心0,六分仪上的地球,六分仪上的地球 ：刚刚美国有人因为通过翻墙（VPN）看tiktok而被联邦调查局FBI逮捕，视频点击数已经过八百万。夸张，这让天天crossing墙上推的国内同胞觉得不要太幸福。,2020-08-02 09:26:49
955,怪蜀黍LTC,郑克强,【真特么缺德】（转） 绿洲 郑克强的微博视频,2020-08-03 10:22:29
956,游走的灵魂捕手,乐游原上草,"看到西安五星街天主教堂拆迁风波，想起来户县圣母山天主教堂停工待拆风波。
户县有一个五泉山，1930年意大利一个传教士到户县发现五泉山像极了耶路撒冷的耶稣被钉死的迦略山，就在那里修建了三间房的天主教教堂，文~革期间被红~卫~兵一把火连同周围山上的佛教道教的庙观通通的付之一炬，烧成一片瓦砾， ...展开",2020-07-30 09:14:45
957,秃眉,闻松V,闻松V ：愿上帝救赎那些内心邪恶的人。🙏,2020-07-30 23:51:30
958,用户6157140607,湘人聂景秀,一艘俄罗斯的渔船驶进大连的渔港。船上装满了鲭鱼和鳕鱼，该船停靠在国企辽渔的码头。辽渔因疫情不明没有接受这批水产。这批货被凯洋公司接受并进入了市场，俄罗斯渔船上的员工携带有新冠病毒。,2020-07-27 10:10:52
959,DKrankerZealer,京媚媚,洛杉矶路西 ：湖南列车侧翻。。。。 #何猷启已离婚# http://t.cn/A6yspKyU http://t.cn/R2WxmkV,2020-07-26 19:53:55
960,ag_踏遍青山人...,斐济果的样子,斐济果的样子 ：上年纪的人都记得。,2020-08-15 11:57:27
961,VINO_ZHU,zanhh,"#杭州失踪女子丈夫交代杀人分尸事实#
想看你就看，不想看别点，这个作案手段真的挺恐怖的。",2020-07-25 22:24:33
962,我这次会幸运的啊,星汇聚,星汇聚 ：#杭州失踪女子丈夫交代杀人分尸事实#【这杀人分尸细节？看的我三天吃不下饭】,2020-07-25 16:51:32
963,9587_,清尘吟_,#杭州女子失踪案后续#万万没想到，分尸现场在对面邻居家，听说邻居家用了1吨水，这剚有极大可能全家人都知道，提前对好说辞，共同向警方演了一出戏，毕竟事成都有好处。#杭州失踪女子#,2020-07-24 01:22:41
964,冰糖山楂棒冰,何谓意识,何谓意识 ：#杭州失踪女子亲属在化粪池旁痛哭# 7.25 最新疑点！！！许先生十七年前曾在诸暨老家涉嫌一桩命案的详情（爆料附下），但因证据不足被释放。注:十七年前未破悬案的受...,2020-07-25 01:51:34
965,__蟹蟹蟹蟹蟹...,小壹三十而已,"高贵悠悠
#杭州警方通报女子失踪案# 最新消息出来了，凶手的手段简直太残忍了！毫无人性，一点做人的底线都没有！一定要严惩，据说是因为这个男的其自身性格存在缺陷，多次向妻子借钱炒股被拒和回迁房装修意见存在分歧等原因，遂产生不满，于7月5日凌晨在家中，趁妻子熟睡之际，以枕头蒙头的方式将其杀 ...展开",2020-07-24 16:58:30
966,林小丸戒不掉珍奶,短腿的反击-X,"#杭州失踪女子亲属在化粪池旁痛哭#
婚姻给你的港湾 可能也是化粪池…让人不寒而栗",2020-07-24 17:06:10
967,人类高质量普信男,社会热门,,2020-07-24 14:16:51
968,雷神减速器,高贵悠悠,,2020-07-24 14:09:30
969,国际巨星獭獭子,Realflora,Realflora ：#杭州失踪女子家中已无人居住# 可怕～在邻居家作案 还一年前就买了碎尸机 女儿亲眼目睹爸爸碎尸妈妈 http://t.cn/Rz1FnP3,2020-07-24 13:09:46
970,小五五五五五岁,关山不系舟,关山不系舟 ：#杭州失踪女子亲属在化粪池旁痛哭#天哪来女士老公是物业上的 拿了对面邻居家的备用钥匙 碎尸是在对面无人居住邻居家进行的 然后从马桶冲到了化粪池 然后邻居被这...,2020-07-24 22:44:08
971,7344304624,小闲区块链,小闲区块链 ：#杭州失踪女子亲属在化粪池旁痛哭# 据说分尸地点在隔壁一间无人居住的空房内因为这个男的工作的关系不知道怎么搞到了这个房子的钥匙而这个案件的突破口据说就是这...,2020-07-24 20:34:56
972,AFiir,royalblue-goguma,#杭州警方通报女子失踪案#把自己老婆分尸解体带去对面住户家里通过马桶冲掉 这是人能干出来的事？？？卧槽！！！孩子得有多大的阴影,2020-07-24 00:17:07
973,Lau5n,何谓意识,何谓意识 ：#杭州警方通报女子失踪案# 最新消息出来了，凶手的手段简直太残忍了！毫无人性，一点做人的底线都没有！一定要严惩，据说是因为这个男的其自身性格存在缺陷，多次向...,2020-07-24 01:42:40
974,5863912551,dream-reader,,2020-07-23 12:07:01
975,FOne-小凯,斯图卡98,,2020-07-24 14:35:55
976,我爱丫丫悟,少帅的点评,大家慎用绵白糖和沙糖,2020-07-23 17:34:25
977,笨笨瓏,老舍谈球,老舍谈球 ：浦东机场今天因为大火应该降落不了了，只有转虹口机场降落了。#浦东机场# http://t.cn/A6y1O5oj,2020-07-22 17:55:23
978,2117467871,诗人记者陈小平,诗人记者陈小平 ：这是真的吗？太无耻了！,2020-07-21 22:00:25
979,莫见容身,·__幼儿园扛把子,·__北漂的痞爷 ：【#乌鲁木齐可能污染的外环境均已消毒#：#乌鲁木齐食品污水等样品检测阴性#】溯源还是要的，强大执行力之下乌鲁木齐一定会在最短时间内康复，一个月结束战斗，...,2020-07-20 20:10:34
